fuel_property_id,molecule_id,source_id,property_name,value,unit,temperature_c,pressure_bar,uncertainty,measurement_method,value_origin,page_table_figure,notes,preferred_name,molecule_role,canonical_smiles,title,year,doi,value_std,unit_std,conversion
1,6,25,boiling_point,161.55,°C,,,±0.4 °C,NIST phase-change compilation (AVG),literature,Phase change data,Normalized from NIST value 434.7 ± 0.4 K to °C using T(°C)=T(K)-273.15. NIST reports an average of 11 values.,furfural,platform_molecule,C1=COC(=C1)C=O,"NIST Chemistry WebBook, SRD 69",,,161.55,°C,identity
2,7,25,boiling_point,171.0,°C,,,±2 °C,NIST/TRC literature compilation,literature,Normal boiling point,Normalized from 444.15 K to 171.00 °C. Underlying reference: Bremner and Keeys (1955); TRC-assigned uncertainty 2 K.,furfuryl alcohol,intermediate,C1=COC(=C1)CO,"NIST Chemistry WebBook, SRD 69",,,171.0,°C,identity
3,8,25,boiling_point,63.0,°C,,,±2 °C,NIST/TRC literature compilation,literature,Normal boiling point,Normalized from 336.15 K to 63.00 °C. Underlying reference: Scharf and Walters (1978); TRC-assigned uncertainty 2 K.,2-methylfuran,fuel_candidate,CC1=CC=CO1,"NIST Chemistry WebBook, SRD 69",,,63.0,°C,identity
4,15,25,boiling_point,93.0,°C,,,±2 °C,NIST/TRC literature compilation,literature,Normal boiling point,Normalized from 366.15 K to 93.00 °C. Underlying reference: Scharf and Walters (1978); TRC-assigned uncertainty 2 K.,"2,5-dimethylfuran",fuel_candidate,CC1=CC=C(O1)C,"NIST Chemistry WebBook, SRD 69",,,93.0,°C,identity
5,13,25,boiling_point,80.78,°C,,,±0.1 °C,NIST/TRC literature compilation,literature,Normal boiling point,"Normalized from 353.93 K to 80.78 °C. Underlying reference: Feng, Chou, et al. (1998); TRC-assigned uncertainty 0.1 K.",cyclohexane,fuel_candidate,C1CCCCC1,"NIST Chemistry WebBook, SRD 69",,,80.78,°C,identity
6,14,25,boiling_point,207.55,°C,,,,NIST compilation (BS),literature,Phase change data,Normalized from NIST value 480.7 K to 207.55 °C. Underlying reference: Aldrich Chemical Company Inc. (1990); no uncertainty stored because none is reported in the NIST entry.,gamma-valerolactone,fuel_candidate,CC1CCC(=O)O1,"NIST Chemistry WebBook, SRD 69",,,207.55,°C,identity
7,8,61,boiling_point,62.85,°C,,,,review compilation,literature,Table 1,Normalized from 336 K using T(°C)=T(K)-273.15.,2-methylfuran,fuel_candidate,CC1=CC=CO1,"Recent Trends in the Production, Combustion and Modeling of Furan-Based Fuels",2018.0,10.3390/en11030512,62.85,°C,identity
8,8,61,density,0.91,g/cm3,,,,review compilation,literature,Table 1,,2-methylfuran,fuel_candidate,CC1=CC=CO1,"Recent Trends in the Production, Combustion and Modeling of Furan-Based Fuels",2018.0,10.3390/en11030512,910.0,kg/m3,g/cm3_to_kg/m3_x1000
9,8,61,lower_heating_value,31.2,MJ/kg,,,,review compilation,literature,Table 1,,2-methylfuran,fuel_candidate,CC1=CC=CO1,"Recent Trends in the Production, Combustion and Modeling of Furan-Based Fuels",2018.0,10.3390/en11030512,31.2,MJ/kg,identity
10,8,61,octane_number,103.0,,,,,research octane number (RON),literature,Table 1,,2-methylfuran,fuel_candidate,CC1=CC=CO1,"Recent Trends in the Production, Combustion and Modeling of Furan-Based Fuels",2018.0,10.3390/en11030512,103.0,,identity
11,15,61,boiling_point,91.85,°C,,,,review compilation,literature,Table 1,Normalized from 365 K using T(°C)=T(K)-273.15.,"2,5-dimethylfuran",fuel_candidate,CC1=CC=C(O1)C,"Recent Trends in the Production, Combustion and Modeling of Furan-Based Fuels",2018.0,10.3390/en11030512,91.85,°C,identity
12,15,61,density,0.89,g/cm3,,,,review compilation,literature,Table 1,,"2,5-dimethylfuran",fuel_candidate,CC1=CC=C(O1)C,"Recent Trends in the Production, Combustion and Modeling of Furan-Based Fuels",2018.0,10.3390/en11030512,890.0,kg/m3,g/cm3_to_kg/m3_x1000
13,15,61,lower_heating_value,33.8,MJ/kg,,,,review compilation,literature,Table 1,,"2,5-dimethylfuran",fuel_candidate,CC1=CC=C(O1)C,"Recent Trends in the Production, Combustion and Modeling of Furan-Based Fuels",2018.0,10.3390/en11030512,33.8,MJ/kg,identity
14,15,61,octane_number,119.0,,,,,research octane number (RON),literature,Table 1,,"2,5-dimethylfuran",fuel_candidate,CC1=CC=C(O1)C,"Recent Trends in the Production, Combustion and Modeling of Furan-Based Fuels",2018.0,10.3390/en11030512,119.0,,identity
15,18,61,boiling_point,65.85,°C,,,,review compilation,literature,Table 1,Normalized from 339 K using T(°C)=T(K)-273.15.,tetrahydrofuran,fuel_candidate,,"Recent Trends in the Production, Combustion and Modeling of Furan-Based Fuels",2018.0,10.3390/en11030512,65.85,°C,identity
16,18,61,density,0.8892,g/cm3,,,,review compilation,literature,Table 1,,tetrahydrofuran,fuel_candidate,,"Recent Trends in the Production, Combustion and Modeling of Furan-Based Fuels",2018.0,10.3390/en11030512,889.2,kg/m3,g/cm3_to_kg/m3_x1000
17,18,61,lower_heating_value,34.6,MJ/kg,,,,review compilation,literature,Table 1,,tetrahydrofuran,fuel_candidate,,"Recent Trends in the Production, Combustion and Modeling of Furan-Based Fuels",2018.0,10.3390/en11030512,34.6,MJ/kg,identity
18,19,61,boiling_point,80.05,°C,,,,review compilation,literature,Table 1,Normalized from 353.2 K using T(°C)=T(K)-273.15.,2-methyltetrahydrofuran,fuel_candidate,,"Recent Trends in the Production, Combustion and Modeling of Furan-Based Fuels",2018.0,10.3390/en11030512,80.05,°C,identity
19,19,61,density,0.854,g/cm3,,,,review compilation,literature,Table 1,,2-methyltetrahydrofuran,fuel_candidate,,"Recent Trends in the Production, Combustion and Modeling of Furan-Based Fuels",2018.0,10.3390/en11030512,854.0,kg/m3,g/cm3_to_kg/m3_x1000
20,19,61,lower_heating_value,32.8,MJ/kg,,,,review compilation,literature,Table 1,,2-methyltetrahydrofuran,fuel_candidate,,"Recent Trends in the Production, Combustion and Modeling of Furan-Based Fuels",2018.0,10.3390/en11030512,32.8,MJ/kg,identity
21,19,61,octane_number,86.0,,,,,research octane number (RON),literature,Table 1,,2-methyltetrahydrofuran,fuel_candidate,,"Recent Trends in the Production, Combustion and Modeling of Furan-Based Fuels",2018.0,10.3390/en11030512,86.0,,identity
22,20,62,specific_energy,43.6,MJ/kg,,,,source structure-property dataset,literature,Table 2,Source Table 2 combines literature/model-supported structure-property data; individual provenance is not further reclassified here.,"1,1-diethylcyclohexane",fuel_candidate,,Building Structure-Property Relationships of Cycloalkanes in Support of Their Use in Sustainable Aviation Fuels,2021.0,10.3389/fenrg.2021.771697,43.6,MJ/kg,identity
23,20,62,energy_density,35.81,MJ/L,,,,source structure-property dataset,literature,Table 2,Source Table 2 combines literature/model-supported structure-property data; individual provenance is not further reclassified here.,"1,1-diethylcyclohexane",fuel_candidate,,Building Structure-Property Relationships of Cycloalkanes in Support of Their Use in Sustainable Aviation Fuels,2021.0,10.3389/fenrg.2021.771697,35.81,MJ/L,identity
24,20,62,melting_point,-54.4,°C,,,,source structure-property dataset,literature,Table 2,Source Table 2 combines literature/model-supported structure-property data; individual provenance is not further reclassified here.,"1,1-diethylcyclohexane",fuel_candidate,,Building Structure-Property Relationships of Cycloalkanes in Support of Their Use in Sustainable Aviation Fuels,2021.0,10.3389/fenrg.2021.771697,-54.4,°C,identity
25,20,62,density,828.6,kg/m3,,,,source structure-property dataset,literature,Table 2,Source Table 2 combines literature/model-supported structure-property data; individual provenance is not further reclassified here.,"1,1-diethylcyclohexane",fuel_candidate,,Building Structure-Property Relationships of Cycloalkanes in Support of Their Use in Sustainable Aviation Fuels,2021.0,10.3389/fenrg.2021.771697,828.6,kg/m3,identity
26,20,62,flash_point,49.2,°C,,,,source structure-property dataset,literature,Table 2,Source Table 2 combines literature/model-supported structure-property data; individual provenance is not further reclassified here.,"1,1-diethylcyclohexane",fuel_candidate,,Building Structure-Property Relationships of Cycloalkanes in Support of Their Use in Sustainable Aviation Fuels,2021.0,10.3389/fenrg.2021.771697,49.2,°C,identity
27,21,62,specific_energy,43.26,MJ/kg,,,,source structure-property dataset,literature,Table 2,Source Table 2 combines literature/model-supported structure-property data; individual provenance is not further reclassified here.,"1,2,3,4-tetramethylcyclohexane",fuel_candidate,,Building Structure-Property Relationships of Cycloalkanes in Support of Their Use in Sustainable Aviation Fuels,2021.0,10.3389/fenrg.2021.771697,43.26,MJ/kg,identity
28,21,62,energy_density,35.4,MJ/L,,,,source structure-property dataset,literature,Table 2,Source Table 2 combines literature/model-supported structure-property data; individual provenance is not further reclassified here.,"1,2,3,4-tetramethylcyclohexane",fuel_candidate,,Building Structure-Property Relationships of Cycloalkanes in Support of Their Use in Sustainable Aviation Fuels,2021.0,10.3389/fenrg.2021.771697,35.4,MJ/L,identity
29,21,62,melting_point,-75.0,°C,,,,source structure-property dataset,literature,Table 2,Source Table 2 combines literature/model-supported structure-property data; individual provenance is not further reclassified here.,"1,2,3,4-tetramethylcyclohexane",fuel_candidate,,Building Structure-Property Relationships of Cycloalkanes in Support of Their Use in Sustainable Aviation Fuels,2021.0,10.3389/fenrg.2021.771697,-75.0,°C,identity
30,21,62,density,825.8,kg/m3,,,,source structure-property dataset,literature,Table 2,Source Table 2 combines literature/model-supported structure-property data; individual provenance is not further reclassified here.,"1,2,3,4-tetramethylcyclohexane",fuel_candidate,,Building Structure-Property Relationships of Cycloalkanes in Support of Their Use in Sustainable Aviation Fuels,2021.0,10.3389/fenrg.2021.771697,825.8,kg/m3,identity
31,21,62,flash_point,40.5,°C,,,,source structure-property dataset,literature,Table 2,Source Table 2 combines literature/model-supported structure-property data; individual provenance is not further reclassified here.,"1,2,3,4-tetramethylcyclohexane",fuel_candidate,,Building Structure-Property Relationships of Cycloalkanes in Support of Their Use in Sustainable Aviation Fuels,2021.0,10.3389/fenrg.2021.771697,40.5,°C,identity
32,22,62,specific_energy,43.82,MJ/kg,,,,source structure-property dataset,literature,Table 2,Source Table 2 combines literature/model-supported structure-property data; individual provenance is not further reclassified here.,"1,4-dimethylcyclooctane",fuel_candidate,,Building Structure-Property Relationships of Cycloalkanes in Support of Their Use in Sustainable Aviation Fuels,2021.0,10.3389/fenrg.2021.771697,43.82,MJ/kg,identity
33,22,62,energy_density,36.22,MJ/L,,,,source structure-property dataset,literature,Table 2,Source Table 2 combines literature/model-supported structure-property data; individual provenance is not further reclassified here.,"1,4-dimethylcyclooctane",fuel_candidate,,Building Structure-Property Relationships of Cycloalkanes in Support of Their Use in Sustainable Aviation Fuels,2021.0,10.3389/fenrg.2021.771697,36.22,MJ/L,identity
34,22,62,melting_point,-78.0,°C,,,,source structure-property dataset,literature,Table 2,Source Table 2 combines literature/model-supported structure-property data; individual provenance is not further reclassified here.,"1,4-dimethylcyclooctane",fuel_candidate,,Building Structure-Property Relationships of Cycloalkanes in Support of Their Use in Sustainable Aviation Fuels,2021.0,10.3389/fenrg.2021.771697,-78.0,°C,identity
35,22,62,density,827.0,kg/m3,,,,source structure-property dataset,literature,Table 2,Source Table 2 combines literature/model-supported structure-property data; individual provenance is not further reclassified here.,"1,4-dimethylcyclooctane",fuel_candidate,,Building Structure-Property Relationships of Cycloalkanes in Support of Their Use in Sustainable Aviation Fuels,2021.0,10.3389/fenrg.2021.771697,827.0,kg/m3,identity
36,22,62,flash_point,49.5,°C,,,,source structure-property dataset,literature,Table 2,Source Table 2 combines literature/model-supported structure-property data; individual provenance is not further reclassified here.,"1,4-dimethylcyclooctane",fuel_candidate,,Building Structure-Property Relationships of Cycloalkanes in Support of Their Use in Sustainable Aviation Fuels,2021.0,10.3389/fenrg.2021.771697,49.5,°C,identity
37,23,62,specific_energy,43.56,MJ/kg,,,,source structure-property dataset,literature,Table 2,Source Table 2 combines literature/model-supported structure-property data; individual provenance is not further reclassified here.,"1,1,4-trimethylcycloheptane",fuel_candidate,,Building Structure-Property Relationships of Cycloalkanes in Support of Their Use in Sustainable Aviation Fuels,2021.0,10.3389/fenrg.2021.771697,43.56,MJ/kg,identity
38,23,62,energy_density,34.83,MJ/L,,,,source structure-property dataset,literature,Table 2,Source Table 2 combines literature/model-supported structure-property data; individual provenance is not further reclassified here.,"1,1,4-trimethylcycloheptane",fuel_candidate,,Building Structure-Property Relationships of Cycloalkanes in Support of Their Use in Sustainable Aviation Fuels,2021.0,10.3389/fenrg.2021.771697,34.83,MJ/L,identity
39,23,62,density,807.6,kg/m3,,,,source structure-property dataset,literature,Table 2,Source Table 2 combines literature/model-supported structure-property data; individual provenance is not further reclassified here.,"1,1,4-trimethylcycloheptane",fuel_candidate,,Building Structure-Property Relationships of Cycloalkanes in Support of Their Use in Sustainable Aviation Fuels,2021.0,10.3389/fenrg.2021.771697,807.6,kg/m3,identity
40,23,62,flash_point,42.5,°C,,,,source structure-property dataset,literature,Table 2,Source Table 2 combines literature/model-supported structure-property data; individual provenance is not further reclassified here.,"1,1,4-trimethylcycloheptane",fuel_candidate,,Building Structure-Property Relationships of Cycloalkanes in Support of Their Use in Sustainable Aviation Fuels,2021.0,10.3389/fenrg.2021.771697,42.5,°C,identity
41,24,62,specific_energy,43.46,MJ/kg,,,,source structure-property dataset,literature,Table 2,Source Table 2 combines literature/model-supported structure-property data; individual provenance is not further reclassified here.,"1,1,5-trimethyl-2-pentylcyclohexane",fuel_candidate,,Building Structure-Property Relationships of Cycloalkanes in Support of Their Use in Sustainable Aviation Fuels,2021.0,10.3389/fenrg.2021.771697,43.46,MJ/kg,identity
42,24,62,energy_density,35.0,MJ/L,,,,source structure-property dataset,literature,Table 2,Source Table 2 combines literature/model-supported structure-property data; individual provenance is not further reclassified here.,"1,1,5-trimethyl-2-pentylcyclohexane",fuel_candidate,,Building Structure-Property Relationships of Cycloalkanes in Support of Their Use in Sustainable Aviation Fuels,2021.0,10.3389/fenrg.2021.771697,35.0,MJ/L,identity
43,24,62,density,812.6,kg/m3,,,,source structure-property dataset,literature,Table 2,Source Table 2 combines literature/model-supported structure-property data; individual provenance is not further reclassified here.,"1,1,5-trimethyl-2-pentylcyclohexane",fuel_candidate,,Building Structure-Property Relationships of Cycloalkanes in Support of Their Use in Sustainable Aviation Fuels,2021.0,10.3389/fenrg.2021.771697,812.6,kg/m3,identity
44,168,62,specific_energy,42.98,MJ/kg,,,,source structure-property dataset,literature,Table 3,,cis-decalin,fuel_candidate,,Building Structure-Property Relationships of Cycloalkanes in Support of Their Use in Sustainable Aviation Fuels,2021.0,10.3389/fenrg.2021.771697,42.98,MJ/kg,identity
45,168,62,energy_density,38.7,MJ/L,,,,source structure-property dataset,literature,Table 3,,cis-decalin,fuel_candidate,,Building Structure-Property Relationships of Cycloalkanes in Support of Their Use in Sustainable Aviation Fuels,2021.0,10.3389/fenrg.2021.771697,38.7,MJ/L,identity
46,168,62,melting_point,-38.8,°C,,,,source structure-property dataset,literature,Table 3,,cis-decalin,fuel_candidate,,Building Structure-Property Relationships of Cycloalkanes in Support of Their Use in Sustainable Aviation Fuels,2021.0,10.3389/fenrg.2021.771697,-38.8,°C,identity
47,168,62,density,901.02,kg/m3,15.0,,,source structure-property dataset,literature,Table 3,,cis-decalin,fuel_candidate,,Building Structure-Property Relationships of Cycloalkanes in Support of Their Use in Sustainable Aviation Fuels,2021.0,10.3389/fenrg.2021.771697,901.02,kg/m3,identity
48,169,62,specific_energy,42.94,MJ/kg,,,,source structure-property dataset,literature,Table 3,,"1,2-dimethyl-cis-decalin",fuel_candidate,,Building Structure-Property Relationships of Cycloalkanes in Support of Their Use in Sustainable Aviation Fuels,2021.0,10.3389/fenrg.2021.771697,42.94,MJ/kg,identity
49,169,62,energy_density,32.6,MJ/L,,,,source structure-property dataset,literature,Table 3,,"1,2-dimethyl-cis-decalin",fuel_candidate,,Building Structure-Property Relationships of Cycloalkanes in Support of Their Use in Sustainable Aviation Fuels,2021.0,10.3389/fenrg.2021.771697,32.6,MJ/L,identity
50,170,62,specific_energy,42.88,MJ/kg,,,,source structure-property dataset,literature,Table 3,,"1,3-dimethyl-cis-decalin",fuel_candidate,,Building Structure-Property Relationships of Cycloalkanes in Support of Their Use in Sustainable Aviation Fuels,2021.0,10.3389/fenrg.2021.771697,42.88,MJ/kg,identity
51,170,62,energy_density,32.55,MJ/L,,,,source structure-property dataset,literature,Table 3,,"1,3-dimethyl-cis-decalin",fuel_candidate,,Building Structure-Property Relationships of Cycloalkanes in Support of Their Use in Sustainable Aviation Fuels,2021.0,10.3389/fenrg.2021.771697,32.55,MJ/L,identity
52,15,64,density,889.7,kg/m3,20.0,,,review comparison table,literature,Table 1,,"2,5-dimethylfuran",fuel_candidate,CC1=CC=C(O1)C,"Insight into Biomass Upgrade: A Review on Hydrogenation of 5-Hydroxymethylfurfural (HMF) to 2,5-Dimethylfuran (DMF)",2021.0,10.3390/molecules26226848,889.7,kg/m3,identity
53,15,64,boiling_point,93.0,°C,,,,review comparison table,literature,Table 1,,"2,5-dimethylfuran",fuel_candidate,CC1=CC=C(O1)C,"Insight into Biomass Upgrade: A Review on Hydrogenation of 5-Hydroxymethylfurfural (HMF) to 2,5-Dimethylfuran (DMF)",2021.0,10.3390/molecules26226848,93.0,°C,identity
54,15,64,energy_density,30.0,MJ/L,,,,review comparison table,literature,Table 1,,"2,5-dimethylfuran",fuel_candidate,CC1=CC=C(O1)C,"Insight into Biomass Upgrade: A Review on Hydrogenation of 5-Hydroxymethylfurfural (HMF) to 2,5-Dimethylfuran (DMF)",2021.0,10.3390/molecules26226848,30.0,MJ/L,identity
55,15,64,octane_number,119.0,,,,,review comparison table,literature,Table 1,,"2,5-dimethylfuran",fuel_candidate,CC1=CC=C(O1)C,"Insight into Biomass Upgrade: A Review on Hydrogenation of 5-Hydroxymethylfurfural (HMF) to 2,5-Dimethylfuran (DMF)",2021.0,10.3390/molecules26226848,119.0,,identity
56,15,65,lower_heating_value,33.3,MJ/kg,,,,literature comparison in primary paper,literature,Table 1,,"2,5-dimethylfuran",fuel_candidate,CC1=CC=C(O1)C,"A Shock Tube and Chemical Kinetic Modeling Study of the Oxidation of 2,5-Dimethylfuran",2013.0,,33.3,MJ/kg,identity
57,15,65,energy_density,30.0,MJ/L,,,,literature comparison in primary paper,literature,Table 1,,"2,5-dimethylfuran",fuel_candidate,CC1=CC=C(O1)C,"A Shock Tube and Chemical Kinetic Modeling Study of the Oxidation of 2,5-Dimethylfuran",2013.0,,30.0,MJ/L,identity
58,15,65,octane_number,119.0,,,,,literature comparison in primary paper,literature,Table 1,,"2,5-dimethylfuran",fuel_candidate,CC1=CC=C(O1)C,"A Shock Tube and Chemical Kinetic Modeling Study of the Oxidation of 2,5-Dimethylfuran",2013.0,,119.0,,identity
59,15,65,boiling_point,92.85,°C,,,,literature comparison in primary paper,literature,Table 1,Normalized from 366 K to °C.,"2,5-dimethylfuran",fuel_candidate,CC1=CC=C(O1)C,"A Shock Tube and Chemical Kinetic Modeling Study of the Oxidation of 2,5-Dimethylfuran",2013.0,,92.85,°C,identity
60,16,25,boiling_point,196.05,°C,,,,NIST phase-change compilation (BS),literature,Phase change data,Normalized from 469.2 K; underlying reference Weast and Grasselli (1989).,methyl levulinate,intermediate,,"NIST Chemistry WebBook, SRD 69",,,196.05,°C,identity
61,17,25,boiling_point,205.85,°C,,,,NIST phase-change compilation (BS),literature,Phase change data,Normalized from 479.0 K; underlying reference Weast and Grasselli (1989).,ethyl levulinate,intermediate,,"NIST Chemistry WebBook, SRD 69",,,205.85,°C,identity
62,171,95,specific_energy,44.82,MJ/kg,,,,computational thermochemistry / structure-property screening,literature,Figure 3a / article text,Reported by Chang et al. for SAF candidate screening.,2-methylheptane,fuel_candidate,CCCCCC(C)C,"Sustainable Aviation Fuel Molecules from (Hemi)Cellulose: Computational Insights into Synthesis Routes, Fuel Properties, and Process Chemistry Metrics",2024.0,10.1021/acssuschemeng.4c04199,44.82,MJ/kg,identity
63,172,95,specific_energy,43.88,MJ/kg,,,,computational thermochemistry / structure-property screening,literature,Figure 3a / article text,Reported by Chang et al. for SAF candidate screening.,ethylcyclohexane,fuel_candidate,CCC1CCCCC1,"Sustainable Aviation Fuel Molecules from (Hemi)Cellulose: Computational Insights into Synthesis Routes, Fuel Properties, and Process Chemistry Metrics",2024.0,10.1021/acssuschemeng.4c04199,43.88,MJ/kg,identity
64,173,95,specific_energy,43.89,MJ/kg,,,,computational thermochemistry / structure-property screening,literature,Figure 3a / article text,Reported by Chang et al. for SAF candidate screening.,propylcyclohexane,fuel_candidate,CCCC1CCCCC1,"Sustainable Aviation Fuel Molecules from (Hemi)Cellulose: Computational Insights into Synthesis Routes, Fuel Properties, and Process Chemistry Metrics",2024.0,10.1021/acssuschemeng.4c04199,43.89,MJ/kg,identity
