molecule_id,ORCA|R2SCAN-3C|dipole_moment [Debye],ORCA|R2SCAN-3C|electronic_energy [Eh],ORCA|R2SCAN-3C|enthalpy_298K [Eh],ORCA|R2SCAN-3C|gibbs_free_energy_298K [Eh],ORCA|R2SCAN-3C|homo_energy [eV],ORCA|R2SCAN-3C|imaginary_frequency_count [count],ORCA|R2SCAN-3C|isotropic_polarizability [a.u.],ORCA|R2SCAN-3C|lumo_energy [eV],ORCA|R2SCAN-3C|minimum_frequency [cm-1],ORCA|R2SCAN-3C|zero_point_energy [Eh],ORCA|wB97X-3c|chemical_hardness_frontier [eV],ORCA|wB97X-3c|chemical_potential_frontier [eV],ORCA|wB97X-3c|dipole_moment [Debye],ORCA|wB97X-3c|electronegativity_frontier [eV],ORCA|wB97X-3c|electronic_energy [Eh],ORCA|wB97X-3c|electrophilicity_frontier [eV],ORCA|wB97X-3c|homo_energy [eV],ORCA|wB97X-3c|homo_lumo_gap [eV],ORCA|wB97X-3c|isotropic_polarizability [a.u.],ORCA|wB97X-3c|lumo_energy [eV],xTB|GFN2-xTB|chemical_hardness_frontier [eV],xTB|GFN2-xTB|chemical_potential_frontier [eV],xTB|GFN2-xTB|dipole_moment [Debye],xTB|GFN2-xTB|electronegativity_frontier [eV],xTB|GFN2-xTB|electronic_energy [Eh],xTB|GFN2-xTB|electrophilicity_frontier [eV],xTB|GFN2-xTB|enthalpy_298K [Eh],xTB|GFN2-xTB|gibbs_free_energy_298K [Eh],xTB|GFN2-xTB|homo_energy [eV],xTB|GFN2-xTB|homo_lumo_gap [eV],xTB|GFN2-xTB|imaginary_frequency_count [count],xTB|GFN2-xTB|isotropic_polarizability [a.u.],xTB|GFN2-xTB|lumo_energy [eV],xTB|GFN2-xTB|minimum_frequency [cm-1],xTB|GFN2-xTB|molecular_C6 [a.u.],xTB|GFN2-xTB|total_free_energy_298K [Eh],xTB|GFN2-xTB|zero_point_energy [Eh]
1,2.888419292,-687.096578452443,-686.88718918,-686.93762447,0.425498,0.0,95.02893,-0.000686,0.0,0.19601503,6.1339999999999995,-4.4394,3.043102037,4.4394,-137.772319776636,1.606478020867297,-10.5734,12.267999999999999,87.65294,1.6946,5.2344,-6.1101,4.042,6.1101,-43.36294169902,3.566151040233838,0.201988,0.149882,-11.3445,10.4688,0.0,98.324571,-0.8757,-0.0,4718.295463,-43.21305976342,0.18813112533
2,1.90729353,-572.577303496466,-572.40321805,-572.44822996,0.859389,0.0,78.44952,0.0,0.0,0.16321357,6.16605,-4.22415,2.015642997,4.22415,-114.807535237196,1.4469103577249616,-10.3902,12.3321,72.67657,1.9419,5.3319,-5.891100000000001,-1.576,5.891100000000001,-36.136475332947,3.2544739408090932,0.167875,0.121587,-11.223,10.6638,0.0,81.9847,-0.5592,-0.0,3279.441871,-36.014888619702,0.156553886761
3,2.939135672,-457.807846374207,-457.6870514,-457.72941567,0.472322,0.0,83.89521,-2.7683,0.0,0.1115432,4.70685,-4.79295,2.78185446,4.79295,-85.913617643223,2.440312491634533,-9.4998,9.4137,77.20845,-0.0861,1.5137999999999998,-9.6823,7.451,9.6823,-28.0646306417,30.96410797000925,0.117603,0.0743389,-11.1961,3.0275999999999996,0.0,79.649464,-8.1685,-0.0,2676.457689,-27.990291727202,0.108123522233
4,2.584240906,-420.975935581506,-420.83886515,-420.88214682,0.642824,0.0,67.19869,-1.2316,0.0,0.12726869,5.8511500000000005,-4.10275,2.86377911,4.10275,-81.512933198996,1.4383973716705265,-9.9539,11.702300000000001,63.00445,1.7484,2.04605,-8.75415,-5.315,8.75415,-26.986926703699,18.72758295801666,0.134395,0.0901259,-10.8002,4.0921,0.0,70.974924,-6.7081,-0.0,2304.103773,-26.896800826263,0.124400094553
5,2.066400191,-688.292241395868,-688.05972986,-688.11365124,0.707981,0.0,99.17798,0.0,0.0,0.21751748,6.05935,-4.25465,2.199182137,4.25465,-138.983050408914,1.4937284215716204,-10.314,12.1187,91.26297,1.8047,5.302,-5.6449,-0.42,5.6449,-44.363046758795,3.00498830724255,0.224315,0.168109,-10.9469,10.604,0.0,102.93422,-0.3429,-0.0,5141.292697,-44.19493813717,0.208793513946
6,3.808122652,-343.291073094677,-343.2056472,-343.24162992,0.694183,0.0,64.16536,-2.6822,0.0,0.07890623,4.80155,-4.756749999999999,3.716030974,4.756749999999999,-62.951259165703,2.3561839991773486,-9.5583,9.6031,59.92712,0.0448,1.5251000000000001,-9.6084,3.381,9.6084,-20.838424274377,30.26731052390007,0.083517,0.0472462,-11.1335,3.0502000000000002,0.0,63.390013,-8.0833,-0.0,1630.729546,-20.791178095044,0.076852156432
7,1.573811246,-344.491262113518,-344.38164004,-344.41921859,0.465154,0.0,62.85914,-0.8134,0.0,0.10231073,5.4575499999999995,-3.60195,1.782198116,3.60195,-64.1719106592,1.1886326100997702,-9.0595,10.915099999999999,58.81516,1.8556,2.37675,-8.33295,3.612,8.33295,-21.871254929257,14.6077744193752,0.107075,0.0691373,-10.7097,4.7535,0.0,66.212249,-5.9562,-0.0,1828.739354,-21.802117604553,0.099684976541
8,0.636380448,-269.283369059527,-269.1800405,-269.21483235,0.773501,0.0,57.11255,-0.3324,0.0,0.09705394,5.53325,-3.12385,0.72405923,3.12385,-48.12684134596,0.8817999207066373,-8.6571,11.0665,54.87116,2.4094,2.38165,-7.89495,-0.187,7.89495,-17.816401133275,13.085515399512941,0.101995,0.0664674,-10.2766,4.7633,0.0,61.4616,-5.5133,-0.0,1535.524217,-17.749933693088,0.095505113324
9,1.277622092,-307.405960642248,-307.29515355,-307.33062222,0.81546,0.0,69.10484,-0.974,0.0,0.10433519,5.260350000000001,-3.5754500000000005,1.381630025,3.5754500000000005,-53.836535157812,1.2151133196935566,-8.8358,10.520700000000001,66.54999,1.6849,2.1761,-8.2516,0.77,8.2516,-19.95414632317,15.644709011534395,0.107921,0.0722918,-10.4277,4.3522,0.0,72.308594,-6.0755,-0.0,2046.285788,-19.881854567719,0.101331662396
10,2.721774003,-421.912239765092,-421.76640391,-421.80753991,0.991497,0.0,87.11962,-0.6472,0.0,0.136906,5.17325,-3.21915,2.907867667,3.21915,-76.78867103976,1.0015876598366595,-8.3924,10.3465,83.25773,1.9541,2.0838500000000004,-7.988950000000001,-0.248,7.988950000000001,-27.187138220281,15.313799482328383,0.14201,0.10018,-10.0728,4.167700000000001,0.0,88.785848,-5.9051,-0.0,3212.338561,-27.086958014499,0.132823979551
11,2.031333647,-536.411831963269,-536.23123266,-536.2780967,0.566141,0.0,106.42671,-0.3215,0.0,0.16901955,5.17,-2.9686000000000003,2.576610572,2.9686000000000003,-99.733267198444,0.8522810406189557,-8.1386,10.34,101.12856,2.2014,2.0473999999999997,-7.7722,-8.202,7.7722,-34.413040113304,14.752147318550358,0.175903,0.127862,-9.8196,4.094799999999999,0.0,105.381491,-5.7248,-0.0,4650.521398,-34.28517851194,0.163973270329
12,2.350811921,-382.628601367459,-382.51239346,-382.5506855,0.550672,0.0,74.72556,-0.783,0.0,0.10847149,5.1362,-3.421,2.522424937,3.421,-69.895132594096,1.1392898446322184,-8.5572,10.2724,70.75225,1.7152,2.0947999999999998,-8.0845,0.547,8.0845,-24.02798692699,15.600329446725228,0.112938,0.0747965,-10.1793,4.1895999999999995,0.0,76.784458,-5.9897,-0.0,2370.291314,-23.953190381982,0.10523871068
13,0.000134144,-235.798573984607,-235.62247156,-235.65781416,0.436567,0.0,64.2452,0.0,0.0,0.16948348,6.6664,-4.1216,0.000107815,4.1216,-41.449880381311,1.274119956798272,-10.788,13.3328,66.53033,2.5448,6.8303,-4.3028,-0.335,4.3028,-18.98671586282,1.3552909711140069,0.175066,0.141391,-11.1331,13.6606,0.0,70.066192,2.5275,-0.0,2230.550209,-18.845325313296,0.168443710077
14,4.772805539,-345.747372539609,-345.61442003,-345.65222154,0.64248,0.0,61.57561,-0.516,0.0,0.12549403,6.2035,-4.243399999999999,5.121764582,4.243399999999999,-65.446996278571,1.4513132554203267,-10.4469,12.407,59.30785,1.9601,2.5534000000000003,-8.7422,0.371,8.7422,-22.940250642089,14.965548061408317,0.131142,0.0926874,-11.2956,5.106800000000001,0.0,64.516885,-6.1888,-0.0,1920.391929,-22.847563276811,0.123478502516
15,0.058014852,-308.592017864772,-308.45959826,-308.49822305,0.508839,0.0,70.01429,-0.1374,0.0,0.12448846,5.3364,-2.9546,0.234445494,2.9546,-55.044023215248,0.8179354208829923,-8.291,10.6728,67.594,2.3818,2.3089000000000004,-7.6321,-1.162,7.6321,-20.98760780206,12.61400459309628,0.131064,0.0916675,-9.941,4.617800000000001,0.0,72.95418,-5.3232,-0.0,2203.80345,-20.895940317824,0.122740210031
171,0.103367679,-315.595027067127,-315.3388161,-315.3859655,0.815253,0.0,92.53084,0.0,0.0,0.24434995,6.744350000000001,-4.19215,0.127702562,4.19215,-56.47737149539,1.3028773434430299,-10.9365,13.488700000000001,95.05232,2.5522,6.31485,-4.9331499999999995,-0.013,4.9331499999999995,-26.323896944825,1.9268841637172691,0.255367,0.206853,-11.248,12.6297,0.0,98.428186,1.3817,-0.0,4378.798187,-26.117044213852,0.243293727768
172,0.048710784,-314.401056542954,-314.1661255,-314.20785647,0.649139,0.0,87.16743,0.0,0.0,0.22555311,6.54665,-4.0653500000000005,0.053801424,4.0653500000000005,-55.269093940101,1.2622540247683935,-10.612,13.0933,89.36204,2.4813,6.3671,-4.617,0.155,4.617,-25.316768729102,1.6739715883212138,0.233757,0.191486,-10.9841,12.7342,0.0,93.337911,1.7501,-0.0,3958.872994,-25.125282847976,0.224294987339
173,0.090822549,-353.701386530025,-353.43679714,-353.481722,0.472462,0.0,98.91903,0.0,0.0,0.25383836,6.49395,-4.0482499999999995,0.119069525,4.0482499999999995,-62.177925069218,1.2618150788426146,-10.5422,12.9879,101.21497,2.4457,6.22375,-4.72755,0.273,4.72755,-28.481259212563,1.795519502108857,0.26327,0.217501,-10.9513,12.4475,0.0,104.995364,1.4962,-0.0,5009.650159,-28.26375787961,0.252431188072
