molecule_id,Asphericity,AvgIpc,BCUT2D_CHGHI,BCUT2D_CHGLO,BCUT2D_LOGPHI,BCUT2D_LOGPLOW,BCUT2D_MRHI,BCUT2D_MRLOW,BCUT2D_MWHI,BCUT2D_MWLOW,BalabanJ,BertzCT,Chi0,Chi0n,Chi0v,Chi1,Chi1n,Chi1v,Chi2n,Chi2v,Chi3n,Chi3v,Chi4n,Chi4v,EState_VSA1,EState_VSA10,EState_VSA11,EState_VSA2,EState_VSA3,EState_VSA4,EState_VSA5,EState_VSA6,EState_VSA7,EState_VSA8,EState_VSA9,Eccentricity,ExactMolWt,FpDensityMorgan1,FpDensityMorgan2,FpDensityMorgan3,FractionCSP3,HallKierAlpha,HeavyAtomCount,HeavyAtomMolWt,InertialShapeFactor,Ipc,Kappa1,Kappa2,Kappa3,LabuteASA,MaxAbsEStateIndex,MaxAbsPartialCharge,MaxEStateIndex,MaxPartialCharge,MinAbsEStateIndex,MinAbsPartialCharge,MinEStateIndex,MinPartialCharge,MolLogP,MolMR,MolWt,NHOHCount,NOCount,NPR1,NPR2,NumAliphaticCarbocycles,NumAliphaticHeterocycles,NumAliphaticRings,NumAmideBonds,NumAromaticCarbocycles,NumAromaticHeterocycles,NumAromaticRings,NumAtomStereoCenters,NumBridgeheadAtoms,NumHAcceptors,NumHDonors,NumHeteroatoms,NumHeterocycles,NumRadicalElectrons,NumRotatableBonds,NumSaturatedCarbocycles,NumSaturatedHeterocycles,NumSaturatedRings,NumSpiroAtoms,NumUnspecifiedAtomStereoCenters,NumValenceElectrons,PEOE_VSA1,PEOE_VSA10,PEOE_VSA11,PEOE_VSA12,PEOE_VSA13,PEOE_VSA14,PEOE_VSA2,PEOE_VSA3,PEOE_VSA4,PEOE_VSA5,PEOE_VSA6,PEOE_VSA7,PEOE_VSA8,PEOE_VSA9,PMI1,PMI2,PMI3,Phi,RadiusOfGyration,RingCount,SMR_VSA1,SMR_VSA10,SMR_VSA2,SMR_VSA3,SMR_VSA4,SMR_VSA5,SMR_VSA6,SMR_VSA7,SMR_VSA8,SMR_VSA9,SPS,SlogP_VSA1,SlogP_VSA10,SlogP_VSA11,SlogP_VSA12,SlogP_VSA2,SlogP_VSA3,SlogP_VSA4,SlogP_VSA5,SlogP_VSA6,SlogP_VSA7,SlogP_VSA8,SlogP_VSA9,SpherocityIndex,TPSA,VSA_EState1,VSA_EState10,VSA_EState2,VSA_EState3,VSA_EState4,VSA_EState5,VSA_EState6,VSA_EState7,VSA_EState8,VSA_EState9,fr_Al_COO,fr_Al_OH,fr_Al_OH_noTert,fr_ArN,fr_Ar_COO,fr_Ar_N,fr_Ar_NH,fr_Ar_OH,fr_COO,fr_COO2,fr_C_O,fr_C_O_noCOO,fr_C_S,fr_HOCCN,fr_Imine,fr_NH0,fr_NH1,fr_NH2,fr_N_O,fr_Ndealkylation1,fr_Ndealkylation2,fr_Nhpyrrole,fr_SH,fr_aldehyde,fr_alkyl_carbamate,fr_alkyl_halide,fr_allylic_oxid,fr_amide,fr_amidine,fr_aniline,fr_aryl_methyl,fr_azide,fr_azo,fr_barbitur,fr_benzene,fr_benzodiazepine,fr_bicyclic,fr_diazo,fr_dihydropyridine,fr_epoxide,fr_ester,fr_ether,fr_furan,fr_guanido,fr_halogen,fr_hdrzine,fr_hdrzone,fr_imidazole,fr_imide,fr_isocyan,fr_isothiocyan,fr_ketone,fr_ketone_Topliss,fr_lactam,fr_lactone,fr_methoxy,fr_morpholine,fr_nitrile,fr_nitro,fr_nitro_arom,fr_nitro_arom_nonortho,fr_nitroso,fr_oxazole,fr_oxime,fr_para_hydroxylation,fr_phenol,fr_phenol_noOrthoHbond,fr_phos_acid,fr_phos_ester,fr_piperdine,fr_piperzine,fr_priamide,fr_prisulfonamd,fr_pyridine,fr_quatN,fr_sulfide,fr_sulfonamd,fr_sulfone,fr_term_acetylene,fr_tetrazole,fr_thiazole,fr_thiocyan,fr_thiophene,fr_unbrch_alkane,fr_urea,qed,ORCA|R2SCAN-3C|dipole_moment [Debye],ORCA|R2SCAN-3C|electronic_energy [Eh],ORCA|R2SCAN-3C|enthalpy_298K [Eh],ORCA|R2SCAN-3C|gibbs_free_energy_298K [Eh],ORCA|R2SCAN-3C|homo_energy [eV],ORCA|R2SCAN-3C|imaginary_frequency_count [count],ORCA|R2SCAN-3C|isotropic_polarizability [a.u.],ORCA|R2SCAN-3C|lumo_energy [eV],ORCA|R2SCAN-3C|minimum_frequency [cm-1],ORCA|R2SCAN-3C|zero_point_energy [Eh],ORCA|wB97X-3c|chemical_hardness_frontier [eV],ORCA|wB97X-3c|chemical_potential_frontier [eV],ORCA|wB97X-3c|dipole_moment [Debye],ORCA|wB97X-3c|electronegativity_frontier [eV],ORCA|wB97X-3c|electronic_energy [Eh],ORCA|wB97X-3c|electrophilicity_frontier [eV],ORCA|wB97X-3c|homo_energy [eV],ORCA|wB97X-3c|homo_lumo_gap [eV],ORCA|wB97X-3c|isotropic_polarizability [a.u.],ORCA|wB97X-3c|lumo_energy [eV],xTB|GFN2-xTB|chemical_hardness_frontier [eV],xTB|GFN2-xTB|chemical_potential_frontier [eV],xTB|GFN2-xTB|dipole_moment [Debye],xTB|GFN2-xTB|electronegativity_frontier [eV],xTB|GFN2-xTB|electronic_energy [Eh],xTB|GFN2-xTB|electrophilicity_frontier [eV],xTB|GFN2-xTB|enthalpy_298K [Eh],xTB|GFN2-xTB|gibbs_free_energy_298K [Eh],xTB|GFN2-xTB|homo_energy [eV],xTB|GFN2-xTB|homo_lumo_gap [eV],xTB|GFN2-xTB|imaginary_frequency_count [count],xTB|GFN2-xTB|isotropic_polarizability [a.u.],xTB|GFN2-xTB|lumo_energy [eV],xTB|GFN2-xTB|minimum_frequency [cm-1],xTB|GFN2-xTB|molecular_C6 [a.u.],xTB|GFN2-xTB|total_free_energy_298K [Eh],xTB|GFN2-xTB|zero_point_energy [Eh]
1,0.24843662712379744,2.0754223906061027,2.4192139786332842,-2.368817634024752,2.184436367464322,-2.5790512396044134,4.8741638480852565,-0.2861114418889694,16.639742085644862,9.995184470406,2.6344089870615974,146.2188491003481,9.300964908321223,6.238174395098331,6.238174395098331,5.574586062669973,3.5620094695937103,3.5620094695937103,2.7194493173895746,2.7194493173895746,1.867059489777345,1.867059489777345,1.08173381058565,1.08173381058565,37.312774244841336,0.0,0.0,0.0,0.0,0.0,0.0,0.0,0.0,4.736862953800049,25.532636974203527,0.9067561378339176,180.063388104,0.9166666666666666,1.5,2.0,1.0,-0.24000000000000002,12.0,168.05999999999997,0.0014157027457355669,454.5175035427365,9.845034013605442,3.6489161032347726,1.5817587586505184,68.64284443677028,9.119537037037038,0.3935665160029449,9.119537037037038,0.183570328512782,0.5257870370370368,0.183570328512782,-1.568935185185185,-0.3935665160029449,-3.2213999999999987,35.98599999999999,180.156,5.0,6.0,0.42165543575355163,0.6205022298360809,0.0,1.0,1.0,0.0,0.0,0.0,0.0,5.0,0.0,6.0,5.0,6.0,1.0,0.0,1.0,0.0,1.0,1.0,0.0,1.0,72.0,30.269499928003576,24.41586555099321,6.290026729335213,0.0,0.0,0.0,0.0,0.0,0.0,0.0,0.0,0.0,0.0,6.606881964512918,438.29979966146226,644.9958424954424,1039.4738511509167,2.9936419290949137,2.427236284337748,1.0,30.269499928003576,0.0,0.0,0.0,0.0,30.705892280328424,6.606881964512918,0.0,0.0,0.0,49.25,0.0,0.0,0.0,0.0,62.845411219044855,4.736862953800049,0.0,0.0,0.0,0.0,0.0,0.0,0.21302722098446075,110.38000000000001,4.575925925925926,0.0,0.0,44.65722222222222,0.0,0.0,0.0,-7.040694444444445,-0.5257870370370368,0.0,0.0,5.0,5.0,0.0,0.0,0.0,0.0,0.0,0.0,0.0,0.0,0.0,0.0,0.0,0.0,0.0,0.0,0.0,0.0,0.0,0.0,0.0,0.0,0.0,0.0,0.0,0.0,0.0,0.0,0.0,0.0,0.0,0.0,0.0,0.0,0.0,0.0,0.0,0.0,0.0,0.0,1.0,0.0,0.0,0.0,0.0,0.0,0.0,0.0,0.0,0.0,0.0,0.0,0.0,0.0,0.0,0.0,0.0,0.0,0.0,0.0,0.0,0.0,0.0,0.0,0.0,0.0,0.0,0.0,0.0,0.0,0.0,0.0,0.0,0.0,0.0,0.0,0.0,0.0,0.0,0.0,0.0,0.0,0.0,0.0,0.29015285452995804,2.888419292,-687.096578452443,-686.88718918,-686.93762447,0.425498,0.0,95.02893,-0.000686,0.0,0.19601503,6.1339999999999995,-4.4394,3.043102037,4.4394,-137.772319776636,1.606478020867297,-10.5734,12.267999999999999,87.65294,1.6946,5.2344,-6.1101,4.042,6.1101,-43.36294169902,3.566151040233838,0.201988,0.149882,-11.3445,10.4688,0.0,98.324571,-0.8757,-0.0,4718.295463,-43.21305976342,0.18813112533
2,0.2510455064693283,1.9321601728882982,2.355681915963513,-2.314105610949074,2.12120412350192,-2.5219121461336242,4.806542271025373,-0.25170526129389387,16.62720345316681,10.063339826770592,2.515835979311492,102.6059378176129,7.723614639131598,5.213610530408746,5.213610530408746,4.625897657686229,2.9654212444428367,2.9654212444428367,2.2724291688504716,2.2724291688504716,1.474040131439216,1.474040131439216,0.7906384719647612,0.7906384719647612,24.601925892580123,0.0,0.0,6.606881964512918,0.0,0.0,0.0,0.0,0.0,4.736862953800049,20.426109579362823,0.9124375531936153,150.05282342,1.0,1.6,2.1,1.0,-0.2,10.0,140.04999999999998,0.002375920321683533,171.96225538705855,7.90204081632653,2.811342155009452,1.2778911564625854,57.48366857017767,8.876620370370372,0.3878997004049285,8.876620370370372,0.18311500623380847,0.15337962962962948,0.18311500623380847,-1.4131944444444449,-0.3878997004049285,-2.5823,29.979199999999988,150.13,4.0,5.0,0.40921597173381247,0.6462817789385872,0.0,1.0,1.0,0.0,0.0,0.0,0.0,4.0,0.0,5.0,4.0,5.0,1.0,0.0,0.0,0.0,1.0,1.0,0.0,1.0,60.0,25.162972533162872,18.31189916324491,6.290026729335213,0.0,0.0,0.0,0.0,0.0,0.0,0.0,0.0,0.0,0.0,6.606881964512918,272.01323758224515,429.59515566965905,664.7180373477329,2.2215340457544075,2.1331848696262865,1.0,25.162972533162872,0.0,0.0,0.0,0.0,24.601925892580123,6.606881964512918,0.0,0.0,0.0,49.2,0.0,0.0,0.0,0.0,51.63491743645586,4.736862953800049,0.0,0.0,0.0,0.0,0.0,0.0,0.25831403432832617,90.15,4.468287037037037,0.0,0.0,35.25055555555556,0.0,0.0,0.0,-5.232129629629631,-0.15337962962962948,0.0,0.0,4.0,4.0,0.0,0.0,0.0,0.0,0.0,0.0,0.0,0.0,0.0,0.0,0.0,0.0,0.0,0.0,0.0,0.0,0.0,0.0,0.0,0.0,0.0,0.0,0.0,0.0,0.0,0.0,0.0,0.0,0.0,0.0,0.0,0.0,0.0,0.0,0.0,0.0,0.0,0.0,1.0,0.0,0.0,0.0,0.0,0.0,0.0,0.0,0.0,0.0,0.0,0.0,0.0,0.0,0.0,0.0,0.0,0.0,0.0,0.0,0.0,0.0,0.0,0.0,0.0,0.0,0.0,0.0,0.0,0.0,0.0,0.0,0.0,0.0,0.0,0.0,0.0,0.0,0.0,0.0,0.0,0.0,0.0,0.0,0.30425032049783735,1.90729353,-572.577303496466,-572.40321805,-572.44822996,0.859389,0.0,78.44952,0.0,0.0,0.16321357,6.16605,-4.22415,2.015642997,4.22415,-114.807535237196,1.4469103577249616,-10.3902,12.3321,72.67657,1.9419,5.3319,-5.891100000000001,-1.576,5.891100000000001,-36.136475332947,3.2544739408090932,0.167875,0.121587,-11.223,10.6638,0.0,81.9847,-0.5592,-0.0,3279.441871,-36.014888619702,0.156553886761
3,0.5441818321204336,2.3403139841551672,1.958556938621485,-1.8188319869913785,2.033991984048891,-1.743348619159012,5.697856737988059,0.10913242083452902,16.364010028832272,10.436730894542922,2.857899491803967,201.82281909596475,6.690234444311989,4.702867765183109,4.702867765183109,4.363703305156273,2.5130904445872626,2.5130904445872626,1.5800421889447545,1.5800421889447545,0.9544284703600876,0.9544284703600876,0.5428150262666346,0.5428150262666346,0.0,4.794537184071822,0.0,12.367129383387361,12.046407942003999,0.0,6.06636706846161,6.06636706846161,0.0,0.0,9.523678331894054,0.9826680168646944,126.031694052,1.6666666666666667,2.4444444444444446,2.7777777777777777,0.16666666666666666,-1.09,9.0,120.06299999999997,0.0074571183176680746,173.18323482748238,6.036422250316056,2.457568886884076,1.1744039645226125,51.911372464606785,9.96036186696901,0.4558356563162004,9.96036186696901,0.18481978253359987,0.15888888888888886,0.18481978253359987,-0.15888888888888886,-0.4558356563162004,0.5844,30.01829999999999,126.11099999999996,1.0,3.0,0.18537413150493398,0.860655329677259,0.0,0.0,0.0,0.0,0.0,1.0,1.0,0.0,0.0,3.0,1.0,3.0,1.0,0.0,2.0,0.0,0.0,0.0,0.0,0.0,48.0,9.523678331894054,12.367129383387361,12.046407942003999,0.0,0.0,0.0,4.794537184071822,0.0,0.0,0.0,0.0,12.13273413692322,0.0,0.0,115.41392975328246,535.8439872637541,622.5999756077647,1.6483248344968333,2.2473411734962694,1.0,14.318215515965875,6.286160523129555,0.0,0.0,0.0,6.606881964512918,0.0,23.653228974672103,0.0,0.0,9.444444444444445,0.0,0.0,0.0,0.0,11.39268791797026,6.606881964512918,0.0,16.315032021820706,16.54988507397657,0.0,0.0,0.0,0.11402368962663612,50.44,4.763888888888889,0.0,9.96036186696901,8.436767762660619,0.0,0.6631018518518523,3.071712962962963,0.5963888888888889,-0.15888888888888886,0.0,0.0,1.0,1.0,0.0,0.0,0.0,0.0,0.0,0.0,0.0,1.0,1.0,0.0,0.0,0.0,0.0,0.0,0.0,0.0,0.0,0.0,0.0,0.0,1.0,0.0,0.0,0.0,0.0,0.0,0.0,0.0,0.0,0.0,0.0,0.0,0.0,0.0,0.0,0.0,0.0,0.0,0.0,1.0,0.0,0.0,0.0,0.0,0.0,0.0,0.0,0.0,0.0,0.0,0.0,0.0,0.0,0.0,0.0,0.0,0.0,0.0,0.0,0.0,0.0,0.0,0.0,0.0,0.0,0.0,0.0,0.0,0.0,0.0,0.0,0.0,0.0,0.0,0.0,0.0,0.0,0.0,0.0,0.0,0.0,0.0,0.589595257065356,2.939135672,-457.807846374207,-457.6870514,-457.72941567,0.472322,0.0,83.89521,-2.7683,0.0,0.1115432,4.70685,-4.79295,2.78185446,4.79295,-85.913617643223,2.440312491634533,-9.4998,9.4137,77.20845,-0.0861,1.5137999999999998,-9.6823,7.451,9.6823,-28.0646306417,30.96410797000925,0.117603,0.0743389,-11.1961,3.0275999999999996,0.0,79.649464,-8.1685,-0.0,2676.457689,-27.990291727202,0.108123522233
4,0.3787876732875226,1.6135681581652277,1.9727861376577267,-1.8554969075600873,1.8737952059241767,-1.9785553717846094,5.796925125180281,-0.13794578924930959,16.36522258731239,10.233428994868646,3.1818458670936187,92.24140984101263,6.568914100752346,4.6779237388007795,4.6779237388007795,3.625897657686229,2.3389618694003893,2.3389618694003893,1.595753646345965,1.595753646345965,0.6909275441069209,0.6909275441069209,0.28296377205346046,0.28296377205346046,5.969305287951849,9.589074368143644,0.0,18.624888192216957,0.0,0.0,6.923737199690624,0.0,0.0,0.0,5.106527394840706,0.9566633194208485,116.047344116,1.375,1.875,2.0,0.6,-0.8600000000000001,8.0,108.05199999999998,0.007750574630477234,40.339203954130696,7.140000000000001,3.1819854216196277,5.14,47.31629743769952,10.084861111111111,0.4812206333209309,10.084861111111111,0.30328869968374067,0.04629629629629628,0.30328869968374067,-0.9164814814814812,-0.4812206333209309,0.4402,27.550799999999988,116.11599999999999,1.0,3.0,0.291196313978532,0.9793767809114624,0.0,0.0,0.0,0.0,0.0,0.0,0.0,0.0,0.0,2.0,1.0,3.0,0.0,0.0,3.0,0.0,0.0,0.0,0.0,0.0,46.0,9.901064578912528,5.783244946364939,0.0,0.0,0.0,5.969305287951849,4.794537184071822,0.0,0.0,0.0,0.0,6.923737199690624,6.4208216229260096,6.4208216229260096,126.36182832951552,424.9910961049165,433.94034286722234,2.839921988795518,2.059784218635986,0.0,14.69560176298435,11.75255023431679,0.0,0.0,0.0,19.765380445542643,0.0,0.0,0.0,0.0,8.625,0.0,0.0,0.0,0.0,16.859077629157497,9.589074368143644,0.0,19.765380445542643,0.0,0.0,0.0,0.0,0.3041139771030239,54.370000000000005,0.0,0.0,19.83638888888889,8.01013888888889,0.0,-0.9929629629629624,0.0,0.10185185185185186,1.3779166666666665,0.0,1.0,0.0,0.0,0.0,0.0,0.0,0.0,0.0,1.0,1.0,2.0,1.0,0.0,0.0,0.0,0.0,0.0,0.0,0.0,0.0,0.0,0.0,0.0,0.0,0.0,0.0,0.0,0.0,0.0,0.0,0.0,0.0,0.0,0.0,0.0,0.0,0.0,0.0,0.0,0.0,0.0,0.0,0.0,0.0,0.0,0.0,0.0,0.0,0.0,0.0,0.0,1.0,1.0,0.0,0.0,0.0,0.0,0.0,0.0,0.0,0.0,0.0,0.0,0.0,0.0,0.0,0.0,0.0,0.0,0.0,0.0,0.0,0.0,0.0,0.0,0.0,0.0,0.0,0.0,0.0,0.0,0.0,0.0,0.0,0.0,0.5816626924315285,2.584240906,-420.975935581506,-420.83886515,-420.88214682,0.642824,0.0,67.19869,-1.2316,0.0,0.12726869,5.8511500000000005,-4.10275,2.86377911,4.10275,-81.512933198996,1.4383973716705265,-9.9539,11.702300000000001,63.00445,1.7484,2.04605,-8.75415,-5.315,8.75415,-26.986926703699,18.72758295801666,0.134395,0.0901259,-10.8002,4.0921,0.0,70.974924,-6.7081,-0.0,2304.103773,-26.896800826263,0.124400094553
5,0.5843117263053385,2.1228001749259824,2.287072812969885,-2.236795970395882,2.034704300322226,-2.464981960713016,4.792562123799777,-0.12299440537156883,16.394754911637893,10.042293650034019,3.985164450858579,104.6059378176129,9.723614639131597,6.406896212131348,6.406896212131348,5.540111220059325,3.481747671950046,3.481747671950046,2.4810286345909196,2.4810286345909196,1.5124781619578975,1.5124781619578975,0.6712088270938985,0.6712088270938985,37.62962948001904,0.0,0.0,0.0,0.0,0.0,0.0,0.0,0.0,0.0,30.63916436904423,0.9860450576997903,182.079038168,0.6666666666666666,0.9166666666666666,1.0833333333333333,1.0,-0.24000000000000002,12.0,168.05999999999997,0.004164941284839499,358.753229562491,11.760000000000002,5.413461330448892,3.015404674173516,69.32936411298864,8.95662037037037,0.393579134968567,8.95662037037037,0.11057860653131252,0.7258182161753588,0.11057860653131252,-1.6693055555555556,-0.393579134968567,-3.585399999999998,38.19879999999999,182.172,6.0,6.0,0.16647865985109686,0.938325252893313,0.0,0.0,0.0,0.0,0.0,0.0,0.0,4.0,0.0,6.0,6.0,6.0,0.0,0.0,5.0,0.0,0.0,0.0,0.0,0.0,74.0,30.63916436904423,24.41586555099321,0.0,0.0,0.0,0.0,0.0,0.0,0.0,0.0,0.0,0.0,0.0,13.213763929025836,225.29135195947245,1269.8117884365922,1353.2746609143737,5.305192103839915,2.796037457769178,0.0,30.63916436904423,0.0,0.0,0.0,0.0,24.41586555099321,13.213763929025836,0.0,0.0,0.0,21.5,0.0,0.0,0.0,0.0,68.26879384906327,0.0,0.0,0.0,0.0,0.0,0.0,0.0,0.22463702306481864,121.38000000000001,0.0,0.0,0.0,52.1769142101285,0.0,0.0,0.0,-6.391944444444444,-1.451636432350718,0.0,0.0,6.0,6.0,0.0,0.0,0.0,0.0,0.0,0.0,0.0,0.0,0.0,0.0,0.0,0.0,0.0,0.0,0.0,0.0,0.0,0.0,0.0,0.0,0.0,0.0,0.0,0.0,0.0,0.0,0.0,0.0,0.0,0.0,0.0,0.0,0.0,0.0,0.0,0.0,0.0,0.0,0.0,0.0,0.0,0.0,0.0,0.0,0.0,0.0,0.0,0.0,0.0,0.0,0.0,0.0,0.0,0.0,0.0,0.0,0.0,0.0,0.0,0.0,0.0,0.0,0.0,0.0,0.0,0.0,0.0,0.0,0.0,0.0,0.0,0.0,0.0,0.0,0.0,0.0,0.0,0.0,0.0,0.0,0.0,0.0,0.2612626527203185,2.066400191,-688.292241395868,-688.05972986,-688.11365124,0.707981,0.0,99.17798,0.0,0.0,0.21751748,6.05935,-4.25465,2.199182137,4.25465,-138.983050408914,1.4937284215716204,-10.314,12.1187,91.26297,1.8047,5.302,-5.6449,-0.42,5.6449,-44.363046758795,3.00498830724255,0.224315,0.168109,-10.9469,10.604,0.0,102.93422,-0.3429,-0.0,5141.292697,-44.19493813717,0.208793513946
6,0.5203684785087165,2.139132575078347,1.8418899451137047,-1.6833751715561343,1.9220413316465248,-1.6459114979203346,5.694580576536034,0.10957973060819537,16.33729148653101,10.501457041144818,2.962094525806721,141.1235805057187,5.112884175122364,3.625897657686229,3.625897657686229,3.431851652578137,1.919545601879256,1.919545601879256,1.1332707073421948,1.1332707073421948,0.6593369410140687,0.6593369410140687,0.35831930379476873,0.35831930379476873,0.0,4.794537184071822,0.0,0.0,12.046407942003999,0.0,6.263162995639057,12.13273413692322,0.0,4.417150937053347,0.0,0.9798376469186575,96.021129368,1.7142857142857142,2.5714285714285716,2.857142857142857,0.0,-1.05,7.0,92.05299999999998,0.012941387012848984,66.31310982742876,4.118067226890756,1.598931214740438,0.6815770736917053,40.75219659801417,9.773842592592592,0.4615648134016627,9.773842592592592,0.18480086649586971,0.3750000000000002,0.18480086649586971,0.3750000000000002,-0.4615648134016627,1.0920999999999998,24.095499999999994,96.08499999999998,0.0,2.0,0.19979535950794283,0.8002046405770599,0.0,0.0,0.0,0.0,0.0,1.0,1.0,0.0,0.0,2.0,0.0,2.0,1.0,0.0,1.0,0.0,0.0,0.0,0.0,0.0,36.0,4.417150937053347,0.0,12.046407942003999,0.0,0.0,0.0,4.794537184071822,0.0,0.0,0.0,0.0,12.13273413692322,0.0,6.263162995639057,61.83298898198228,247.6486182961892,309.4816072518647,0.9406437476393176,1.7946907506915704,1.0,9.211688121125169,6.286160523129555,0.0,0.0,0.0,0.0,0.0,24.156144551436718,0.0,0.0,8.571428571428571,0.0,0.0,0.0,0.0,6.286160523129555,0.0,0.0,10.554784602946263,22.813048069615622,0.0,0.0,0.0,2.1153241326922858e-10,30.21,4.614583333333334,0.0,9.773842592592592,0.0,0.0,0.3750000000000002,3.274537037037037,2.128703703703704,0.0,0.0,0.0,0.0,0.0,0.0,0.0,0.0,0.0,0.0,0.0,0.0,1.0,1.0,0.0,0.0,0.0,0.0,0.0,0.0,0.0,0.0,0.0,0.0,0.0,1.0,0.0,0.0,0.0,0.0,0.0,0.0,0.0,0.0,0.0,0.0,0.0,0.0,0.0,0.0,0.0,0.0,0.0,0.0,1.0,0.0,0.0,0.0,0.0,0.0,0.0,0.0,0.0,0.0,0.0,0.0,0.0,0.0,0.0,0.0,0.0,0.0,0.0,0.0,0.0,0.0,0.0,0.0,0.0,0.0,0.0,0.0,0.0,0.0,0.0,0.0,0.0,0.0,0.0,0.0,0.0,0.0,0.0,0.0,0.0,0.0,0.0,0.4896950193353882,3.808122652,-343.291073094677,-343.2056472,-343.24162992,0.694183,0.0,64.16536,-2.6822,0.0,0.07890623,4.80155,-4.756749999999999,3.716030974,4.756749999999999,-62.951259165703,2.3561839991773486,-9.5583,9.6031,59.92712,0.0448,1.5251000000000001,-9.6084,3.381,9.6084,-20.838424274377,30.26731052390007,0.083517,0.0472462,-11.1335,3.0502000000000002,0.0,63.390013,-8.0833,-0.0,1630.729546,-20.791178095044,0.076852156432
7,0.43107036098180695,2.139132575078347,1.8525809591635811,-1.789645828571739,1.9624852182439274,-1.7172011423737095,4.949038542831342,0.2470022697992875,16.35255212949565,10.484144692373455,2.7626083414437685,120.63609436412281,5.112884175122364,3.7946194747192457,3.7946194747192457,3.431851652578137,2.064949363499039,2.064949363499039,1.2374773758177693,1.2374773758177693,0.7359378891141171,0.7359378891141171,0.4025448818005122,0.4025448818005122,0.0,0.0,0.0,6.606881964512918,5.760247418874442,0.0,6.263162995639057,12.13273413692322,0.0,0.0,9.523678331894054,0.9686164966744433,98.036779432,1.7142857142857142,2.5714285714285716,2.857142857142857,0.2,-0.7600000000000001,7.0,92.05299999999998,0.011376816566224105,66.31310982742876,4.40025641025641,1.7971563749580297,0.81015270053728,41.38490825016642,8.332731481481481,0.46690881342439633,8.332731481481481,0.12864401421936308,0.00694444444444442,0.12864401421936308,-0.00694444444444442,-0.46690881342439633,0.7719,24.63079999999999,98.10099999999998,1.0,2.0,0.24856001764187313,0.8371952876848276,0.0,0.0,0.0,0.0,0.0,1.0,1.0,0.0,0.0,2.0,1.0,2.0,1.0,0.0,1.0,0.0,0.0,0.0,0.0,0.0,38.0,9.523678331894054,12.367129383387361,0.0,0.0,0.0,0.0,0.0,0.0,0.0,0.0,0.0,12.13273413692322,0.0,6.263162995639057,73.58783389110118,247.85719098768365,296.0566006924211,1.129706979877463,1.774056052605208,1.0,9.523678331894054,0.0,0.0,0.0,0.0,6.606881964512918,0.0,24.156144551436718,0.0,0.0,9.285714285714286,0.0,0.0,0.0,0.0,5.106527394840706,6.606881964512918,0.0,5.760247418874442,22.813048069615622,0.0,0.0,0.0,0.15600364955261828,33.370000000000005,4.732638888888889,0.0,0.0,8.332731481481481,0.0,0.6111111111111114,3.4638425925925924,1.533287037037037,-0.00694444444444442,0.0,0.0,1.0,1.0,0.0,0.0,0.0,0.0,0.0,0.0,0.0,0.0,0.0,0.0,0.0,0.0,0.0,0.0,0.0,0.0,0.0,0.0,0.0,0.0,0.0,0.0,0.0,0.0,0.0,0.0,0.0,0.0,0.0,0.0,0.0,0.0,0.0,0.0,0.0,0.0,0.0,0.0,0.0,1.0,0.0,0.0,0.0,0.0,0.0,0.0,0.0,0.0,0.0,0.0,0.0,0.0,0.0,0.0,0.0,0.0,0.0,0.0,0.0,0.0,0.0,0.0,0.0,0.0,0.0,0.0,0.0,0.0,0.0,0.0,0.0,0.0,0.0,0.0,0.0,0.0,0.0,0.0,0.0,0.0,0.0,0.0,0.562462027989617,1.573811246,-344.491262113518,-344.38164004,-344.41921859,0.465154,0.0,62.85914,-0.8134,0.0,0.10231073,5.4575499999999995,-3.60195,1.782198116,3.60195,-64.1719106592,1.1886326100997702,-9.0595,10.915099999999999,58.81516,1.8556,2.37675,-8.33295,3.612,8.33295,-21.871254929257,14.6077744193752,0.107075,0.0691373,-10.7097,4.7535,0.0,66.212249,-5.9562,-0.0,1828.739354,-21.802117604553,0.099684976541
8,0.37023199162470777,1.8638263900908159,1.7542868797014255,-1.686512360265907,1.9288971019272538,-1.4790398616728275,4.932245232446961,0.5340345909525056,16.331810320106246,10.516826885003017,3.049648321313926,107.4988650600484,4.405777393935816,3.6402990980327403,3.6402990980327403,2.893846850117352,1.8951682068889273,1.8951682068889273,1.2237010601067568,1.2237010601067568,0.6634344070931327,0.6634344070931327,0.36068497693851154,0.36068497693851154,0.0,0.0,0.0,0.0,0.0,5.760247418874442,0.0,6.263162995639057,19.056471336613843,0.0,4.417150937053347,0.9550254745894727,82.041864812,1.6666666666666667,2.5,2.6666666666666665,0.2,-0.72,6.0,76.05399999999999,0.012388961476528364,33.548875021634686,3.4693939393939397,1.1675410767171084,0.432338837275346,36.590674497970404,4.833333333333333,0.469664556492416,4.833333333333333,0.10017047607147558,0.9675925925925928,0.10017047607147558,0.9675925925925928,-0.469664556492416,1.58802,23.444999999999993,82.102,0.0,1.0,0.29652376445261946,0.7196982838486877,0.0,0.0,0.0,0.0,0.0,1.0,1.0,0.0,0.0,1.0,0.0,1.0,1.0,0.0,0.0,0.0,0.0,0.0,0.0,0.0,32.0,4.417150937053347,5.760247418874442,0.0,0.0,0.0,0.0,0.0,0.0,0.0,0.0,0.0,19.056471336613843,0.0,6.263162995639057,58.091897792417846,140.99591384823714,195.90975414619814,0.6751099892593019,1.5509769497295316,1.0,4.417150937053347,0.0,0.0,0.0,0.0,6.923737199690624,0.0,24.156144551436718,0.0,0.0,8.833333333333334,0.0,0.0,0.0,0.0,0.0,0.0,6.923737199690624,5.760247418874442,22.813048069615622,0.0,0.0,0.0,0.08955352193433744,13.14,4.833333333333333,0.0,0.0,0.0,0.0,0.9675925925925928,3.787037037037037,1.662037037037037,1.9166666666666667,0.0,0.0,0.0,0.0,0.0,0.0,0.0,0.0,0.0,0.0,0.0,0.0,0.0,0.0,0.0,0.0,0.0,0.0,0.0,0.0,0.0,0.0,0.0,0.0,0.0,0.0,0.0,0.0,0.0,0.0,0.0,1.0,0.0,0.0,0.0,0.0,0.0,0.0,0.0,0.0,0.0,0.0,0.0,1.0,0.0,0.0,0.0,0.0,0.0,0.0,0.0,0.0,0.0,0.0,0.0,0.0,0.0,0.0,0.0,0.0,0.0,0.0,0.0,0.0,0.0,0.0,0.0,0.0,0.0,0.0,0.0,0.0,0.0,0.0,0.0,0.0,0.0,0.0,0.0,0.0,0.0,0.0,0.0,0.0,0.0,0.0,0.4628605847396023,0.636380448,-269.283369059527,-269.1800405,-269.21483235,0.773501,0.0,57.11255,-0.3324,0.0,0.09705394,5.53325,-3.12385,0.72405923,3.12385,-48.12684134596,0.8817999207066373,-8.6571,11.0665,54.87116,2.4094,2.38165,-7.89495,-0.187,7.89495,-17.816401133275,13.085515399512941,0.101995,0.0664674,-10.2766,4.7633,0.0,61.4616,-5.5133,-0.0,1535.524217,-17.749933693088,0.095505113324
9,0.3483064622063885,1.6856161633204378,1.7432187000138564,-1.8193535764132127,2.0225737403160666,-1.559498924160049,5.1797398060365785,0.4751166825208842,16.254620152063808,10.346234440824086,3.0214653097240864,134.10736969541455,5.112884175122364,3.833964941448087,3.833964941448087,3.393846850117352,2.1342904002729384,2.1342904002729384,1.3355491589367874,1.3355491589367874,0.756193600181959,0.756193600181959,0.4279941042701235,0.4279941042701235,0.0,0.0,0.0,0.0,5.749511833283905,0.0,0.0,24.26546827384644,6.06636706846161,0.0,5.106527394840706,0.9477619860582778,94.041864812,1.0,1.5714285714285714,1.8571428571428572,0.0,-0.98,7.0,88.06499999999998,0.007590434096569276,47.19725257297226,4.18611295681063,1.6461962159398054,0.9290591797144502,42.22563687169298,8.632222222222222,0.5079669948663066,8.632222222222222,0.11507481947527982,0.3217592592592595,0.11507481947527982,0.3217592592592595,-0.5079669948663066,1.3921999999999997,28.106799999999993,94.11299999999997,1.0,1.0,0.3189783970473062,0.681021602953675,0.0,0.0,0.0,0.0,1.0,0.0,1.0,0.0,0.0,1.0,1.0,1.0,0.0,0.0,0.0,0.0,0.0,0.0,0.0,0.0,36.0,5.106527394840706,5.749511833283905,0.0,0.0,0.0,0.0,0.0,0.0,0.0,0.0,18.19910120538483,12.13273413692322,0.0,0.0,89.721034961819,191.55517619363718,281.2762111551802,0.9844519012854642,1.7287878154790235,1.0,5.106527394840706,0.0,0.0,0.0,0.0,0.0,0.0,30.33183534230805,0.0,5.749511833283905,8.571428571428571,0.0,0.0,5.749511833283905,0.0,5.106527394840706,0.0,0.0,0.0,30.33183534230805,0.0,0.0,0.0,3.5613385765323232e-12,20.23,0.0,0.0,0.0,8.632222222222222,0.0,0.3217592592592595,8.712685185185185,0.0,0.0,0.0,0.0,0.0,0.0,0.0,0.0,0.0,0.0,1.0,0.0,0.0,0.0,0.0,0.0,0.0,0.0,0.0,0.0,0.0,0.0,0.0,0.0,0.0,0.0,0.0,0.0,0.0,0.0,0.0,0.0,0.0,0.0,0.0,0.0,0.0,1.0,0.0,0.0,0.0,0.0,0.0,0.0,0.0,0.0,0.0,0.0,0.0,0.0,0.0,0.0,0.0,0.0,0.0,0.0,0.0,0.0,0.0,0.0,0.0,0.0,0.0,0.0,0.0,0.0,0.0,1.0,1.0,1.0,0.0,0.0,0.0,0.0,0.0,0.0,0.0,0.0,0.0,0.0,0.0,0.0,0.0,0.0,0.0,0.0,0.0,0.0,0.514729544768675,1.277622092,-307.405960642248,-307.29515355,-307.33062222,0.81546,0.0,69.10484,-0.974,0.0,0.10433519,5.260350000000001,-3.5754500000000005,1.381630025,3.5754500000000005,-53.836535157812,1.2151133196935566,-8.8358,10.520700000000001,66.54999,1.6849,2.1761,-8.2516,0.77,8.2516,-19.95414632317,15.644709011534395,0.107921,0.0722918,-10.4277,4.3522,0.0,72.308594,-6.0755,-0.0,2046.285788,-19.881854567719,0.101331662396
10,0.294447753304989,1.8934931172271934,1.9357138577099908,-1.9872980717789168,2.224673531587158,-1.8031102621429882,5.370720836721778,0.3732712808331073,16.473959000435126,10.308952917667566,3.0065240073265844,195.86256853719752,6.69023444431199,5.164862962722324,5.164862962722324,4.342535255101096,2.6633295026354,2.6633295026354,1.6718488391821222,1.6718488391821222,1.0851702186431136,1.0851702186431136,0.6297770429967046,0.6297770429967046,0.0,0.0,0.0,5.749511833283905,5.749511833283905,0.0,7.109797541277533,24.26546827384644,0.0,0.0,9.843390348640755,0.9271371218726545,124.052429496,1.3333333333333333,2.0,2.4444444444444446,0.14285714285714285,-1.1800000000000002,9.0,116.07499999999997,0.0032690309533430326,130.65102508867633,5.947877237851663,2.3955617406597787,1.1340794947334671,53.704124215596465,8.98550925925926,0.5042548357902157,8.98550925925926,0.159973721120165,0.1805555555555558,0.159973721120165,0.1805555555555558,-0.5042548357902157,1.4008,34.6588,124.13899999999997,1.0,2.0,0.3747222401268581,0.6316645097844644,0.0,0.0,0.0,0.0,1.0,0.0,1.0,0.0,0.0,2.0,1.0,2.0,0.0,0.0,1.0,0.0,0.0,0.0,0.0,0.0,48.0,9.843390348640755,0.0,11.49902366656781,0.0,0.0,0.0,0.0,0.0,0.0,0.0,12.13273413692322,12.13273413692322,0.0,7.109797541277533,193.2268365762951,325.7200185445306,515.6535051425832,1.5831674610154005,2.041348685685607,1.0,9.843390348640755,0.0,0.0,0.0,0.0,0.0,7.109797541277533,24.26546827384644,0.0,11.49902366656781,9.0,4.736862953800049,0.0,11.49902366656781,0.0,12.216324936118239,0.0,0.0,0.0,24.26546827384644,0.0,0.0,0.0,0.0453971617285124,29.46,4.794953703703704,0.0,0.0,8.98550925925926,0.0,0.69212962962963,6.837870370370371,0.0,0.0,1.5228703703703703,0.0,0.0,0.0,0.0,0.0,0.0,0.0,1.0,0.0,0.0,0.0,0.0,0.0,0.0,0.0,0.0,0.0,0.0,0.0,0.0,0.0,0.0,0.0,0.0,0.0,0.0,0.0,0.0,0.0,0.0,0.0,0.0,0.0,0.0,1.0,0.0,0.0,0.0,0.0,0.0,0.0,1.0,0.0,0.0,0.0,0.0,0.0,0.0,0.0,0.0,0.0,0.0,0.0,0.0,0.0,1.0,0.0,0.0,0.0,0.0,0.0,0.0,0.0,0.0,2.0,1.0,1.0,0.0,0.0,0.0,0.0,0.0,0.0,0.0,0.0,0.0,0.0,0.0,0.0,0.0,0.0,0.0,0.0,0.0,0.0,0.6127725486570802,2.721774003,-421.912239765092,-421.76640391,-421.80753991,0.991497,0.0,87.11962,-0.6472,0.0,0.136906,5.17325,-3.21915,2.907867667,3.21915,-76.78867103976,1.0015876598366595,-8.3924,10.3465,83.25773,1.9541,2.0838500000000004,-7.988950000000001,-0.248,7.988950000000001,-27.187138220281,15.313799482328383,0.14201,0.10018,-10.0728,4.167700000000001,0.0,88.785848,-5.9051,-0.0,3212.338561,-27.086958014499,0.132823979551
11,0.4347092830496145,2.0504144813943355,2.0496622995461267,-2.0565272795174994,2.3417479675417106,-1.8682129904966702,5.49097859455616,0.33967258953903645,16.491278420780365,10.275803120566609,3.0951982523070996,222.84252842272392,8.267584713501616,6.495760983996562,6.495760983996562,5.291223660084841,3.1923686049978612,3.1923686049978612,2.0111400514993116,2.0111400514993116,1.4018121032164244,1.4018121032164244,0.8316314141328983,0.8316314141328983,0.0,5.106527394840706,0.0,5.749511833283905,11.49902366656781,0.0,14.219595082555067,18.19910120538483,0.0,0.0,9.473725907600098,0.9679967581780718,154.06299418,1.0909090909090908,1.5454545454545454,1.9090909090909092,0.25,-1.3800000000000001,11.0,144.08499999999998,0.0034141463099156095,348.57046183703704,7.723950103950104,3.1426679659735632,1.3676066560376265,65.18261155949995,9.338796296296296,0.5016997255218006,9.338796296296296,0.2002294571644853,0.03935185185185186,0.2002294571644853,0.03935185185185186,-0.5016997255218006,1.4093999999999995,41.21080000000002,154.16499999999996,1.0,3.0,0.2509626987357755,0.756494870396228,0.0,0.0,0.0,0.0,1.0,0.0,1.0,0.0,0.0,3.0,1.0,3.0,0.0,0.0,2.0,0.0,0.0,0.0,0.0,0.0,60.0,14.580253302440804,0.0,11.49902366656781,5.749511833283905,0.0,0.0,0.0,0.0,0.0,0.0,6.06636706846161,12.13273413692322,0.0,14.219595082555067,221.57658217492352,667.9141906731614,882.9064370566441,2.2067100511329243,2.3975774064641673,1.0,14.580253302440804,0.0,0.0,0.0,0.0,0.0,14.219595082555067,18.19910120538483,0.0,17.248535499851716,9.272727272727273,9.473725907600098,0.0,17.248535499851716,0.0,19.32612247739577,0.0,0.0,0.0,18.19910120538483,0.0,0.0,0.0,0.051869562622669514,38.69,9.714907407407408,0.0,0.0,9.338796296296296,0.0,0.8807407407407413,5.076481481481482,0.0,0.0,2.989074074074074,0.0,0.0,0.0,0.0,0.0,0.0,0.0,1.0,0.0,0.0,0.0,0.0,0.0,0.0,0.0,0.0,0.0,0.0,0.0,0.0,0.0,0.0,0.0,0.0,0.0,0.0,0.0,0.0,0.0,0.0,0.0,0.0,0.0,0.0,1.0,0.0,0.0,0.0,0.0,0.0,0.0,2.0,0.0,0.0,0.0,0.0,0.0,0.0,0.0,0.0,0.0,0.0,0.0,0.0,0.0,2.0,0.0,0.0,0.0,0.0,0.0,0.0,0.0,0.0,1.0,1.0,1.0,0.0,0.0,0.0,0.0,0.0,0.0,0.0,0.0,0.0,0.0,0.0,0.0,0.0,0.0,0.0,0.0,0.0,0.0,0.6994965906696746,2.031333647,-536.411831963269,-536.23123266,-536.2780967,0.566141,0.0,106.42671,-0.3215,0.0,0.16901955,5.17,-2.9686000000000003,2.576610572,2.9686000000000003,-99.733267198444,0.8522810406189557,-8.1386,10.34,101.12856,2.2014,2.0473999999999997,-7.7722,-8.202,7.7722,-34.413040113304,14.752147318550358,0.175903,0.127862,-9.8196,4.094799999999999,0.0,105.381491,-5.7248,-0.0,4650.521398,-34.28517851194,0.163973270329
12,0.2773513669947783,1.7681772153059907,1.8978964788777544,-1.9063627889389623,2.207958039037639,-1.6263455095172539,5.3560785271823095,0.40354324049410345,16.302830100913635,10.313164061008466,3.1348615113454477,162.63833891467198,5.983127663125442,4.20382826775842,4.20382826775842,3.8045304526403108,2.274563864689584,2.274563864689584,1.4887143348850373,1.4887143348850373,0.8817318442145531,0.8817318442145531,0.4641630966733666,0.4641630966733666,0.0,0.0,0.0,11.49902366656781,0.0,0.0,12.13273413692322,12.13273413692322,0.0,0.0,10.213054789681411,0.9145307545606972,110.036779432,0.875,1.25,1.5,0.0,-1.18,8.0,104.06399999999998,0.003947942439123666,72.49526582754562,4.966627565982405,1.7381205361963379,0.7293748574130688,47.01987062388899,8.66925925925926,0.5042601246702529,8.66925925925926,0.15688318072542773,0.07638888888888862,0.15688318072542773,-0.07638888888888862,-0.5042601246702529,1.0977999999999994,29.771599999999992,110.11199999999997,2.0,2.0,0.40451637663096124,0.5954836233695758,0.0,0.0,0.0,0.0,1.0,0.0,1.0,0.0,0.0,2.0,2.0,2.0,0.0,0.0,0.0,0.0,0.0,0.0,0.0,0.0,42.0,10.213054789681411,0.0,11.49902366656781,0.0,0.0,0.0,0.0,0.0,0.0,0.0,12.13273413692322,12.13273413692322,0.0,0.0,150.83391730041453,222.04076964483303,372.8746869450473,1.0790746710091061,1.8401961824324495,1.0,10.213054789681411,0.0,0.0,0.0,0.0,0.0,0.0,24.26546827384644,0.0,11.49902366656781,9.0,0.0,0.0,11.49902366656781,0.0,10.213054789681411,0.0,0.0,0.0,24.26546827384644,0.0,0.0,0.0,1.1469498663144804e-12,40.46,0.0,0.0,0.0,17.33851851851852,0.0,-0.15277777777777724,6.147592592592593,0.0,0.0,0.0,0.0,0.0,0.0,0.0,0.0,0.0,0.0,2.0,0.0,0.0,0.0,0.0,0.0,0.0,0.0,0.0,0.0,0.0,0.0,0.0,0.0,0.0,0.0,0.0,0.0,0.0,0.0,0.0,0.0,0.0,0.0,0.0,0.0,0.0,1.0,0.0,0.0,0.0,0.0,0.0,0.0,0.0,0.0,0.0,0.0,0.0,0.0,0.0,0.0,0.0,0.0,0.0,0.0,0.0,0.0,0.0,0.0,0.0,0.0,0.0,0.0,0.0,0.0,0.0,2.0,2.0,2.0,0.0,0.0,0.0,0.0,0.0,0.0,0.0,0.0,0.0,0.0,0.0,0.0,0.0,0.0,0.0,0.0,0.0,0.0,0.49072766890152064,2.350811921,-382.628601367459,-382.51239346,-382.5506855,0.550672,0.0,74.72556,-0.783,0.0,0.10847149,5.1362,-3.421,2.522424937,3.421,-69.895132594096,1.1392898446322184,-8.5572,10.2724,70.75225,1.7152,2.0947999999999998,-8.0845,0.547,8.0845,-24.02798692699,15.600329446725228,0.112938,0.0747965,-10.1793,4.1895999999999995,0.0,76.784458,-5.9897,-0.0,2370.291314,-23.953190381982,0.10523871068
13,0.16121849285390355,1.719973094021975,1.9496940272108838,-2.052305972789116,2.1470999999999996,-1.8548999999999998,4.506,0.5039999999999998,14.014,10.012,2.0,15.509775004326936,4.242640687119286,4.242640687119285,4.242640687119285,3.0,2.9999999999999996,2.9999999999999996,2.121320343559642,2.121320343559642,1.4999999999999996,1.4999999999999996,1.0606601717798207,1.0606601717798207,0.0,0.0,0.0,0.0,0.0,0.0,38.524929737556064,0.0,0.0,0.0,0.0,0.8214601428111294,84.093900384,0.3333333333333333,0.5,0.6666666666666666,1.0,0.0,6.0,72.06599999999999,0.004884119959729295,34.3994618804395,4.166666666666667,2.2222222222222223,1.0,39.55813044628337,1.5,0.0533059727891157,1.5,-0.0533059727891157,1.5,0.0533059727891157,1.5,-0.0533059727891157,2.3406000000000002,27.701999999999984,84.162,0.0,0.0,0.5702659325023011,0.570266855944532,1.0,0.0,1.0,0.0,0.0,0.0,0.0,0.0,0.0,0.0,0.0,0.0,0.0,0.0,0.0,1.0,0.0,1.0,0.0,0.0,36.0,0.0,0.0,0.0,0.0,0.0,0.0,0.0,0.0,0.0,0.0,38.524929737556064,0.0,0.0,0.0,116.75938769860583,116.75957676925395,204.745507392088,1.5432098765432098,1.6135971248439906,1.0,0.0,0.0,0.0,0.0,0.0,38.524929737556064,0.0,0.0,0.0,0.0,24.0,0.0,0.0,0.0,0.0,0.0,0.0,0.0,38.524929737556064,0.0,0.0,0.0,0.0,0.4383599782429309,0.0,0.0,0.0,0.0,0.0,0.0,0.0,0.0,9.0,0.0,0.0,0.0,0.0,0.0,0.0,0.0,0.0,0.0,0.0,0.0,0.0,0.0,0.0,0.0,0.0,0.0,0.0,0.0,0.0,0.0,0.0,0.0,0.0,0.0,0.0,0.0,0.0,0.0,0.0,0.0,0.0,0.0,0.0,0.0,0.0,0.0,0.0,0.0,0.0,0.0,0.0,0.0,0.0,0.0,0.0,0.0,0.0,0.0,0.0,0.0,0.0,0.0,0.0,0.0,0.0,0.0,0.0,0.0,0.0,0.0,0.0,0.0,0.0,0.0,0.0,0.0,0.0,0.0,0.0,0.0,0.0,0.0,0.0,0.0,0.0,0.0,0.0,0.0,0.0,0.0,0.0,0.0,0.0,0.0,0.0,0.0,0.42231618686094674,0.000134144,-235.798573984607,-235.62247156,-235.65781416,0.436567,0.0,64.2452,0.0,0.0,0.16948348,6.6664,-4.1216,0.000107815,4.1216,-41.449880381311,1.274119956798272,-10.788,13.3328,66.53033,2.5448,6.8303,-4.3028,-0.335,4.3028,-18.98671586282,1.3552909711140069,0.175066,0.141391,-11.1331,13.6606,0.0,70.066192,2.5275,-0.0,2230.550209,-18.845325313296,0.168443710077
14,0.35214352253172326,1.8668193111659015,2.170484770565788,-1.9517131628252842,2.108060679082464,-1.9834456516493986,5.7079666891375895,-0.14029754438163577,16.54776222740221,10.263225331505746,2.39706714269016,88.08094399727418,5.276020881938894,4.3080604124904465,4.3080604124904465,3.287693700234704,2.483102501106141,2.483102501106141,1.8391519502467628,1.8391519502467628,1.0876182966188024,1.0876182966188024,0.6633575045284709,0.6633575045284709,0.0,4.794537184071822,0.0,12.073271675700152,6.4208216229260096,6.4208216229260096,0.0,0.0,6.923737199690624,0.0,4.736862953800049,0.9529732934345669,100.052429496,1.8571428571428572,2.5714285714285716,2.7142857142857144,0.8,-0.53,7.0,92.05299999999998,0.008443666546573187,46.670482779147534,4.624559505409582,1.5234757718400516,0.9180777352946504,42.4682556614374,10.23125,0.46264003197434184,10.23125,0.3056876596821109,0.04861111111111094,0.3056876596821109,-0.04861111111111094,-0.46264003197434184,0.7119,24.78799999999999,100.11699999999999,0.0,2.0,0.3030542888666568,0.769975424549767,0.0,1.0,1.0,0.0,0.0,0.0,0.0,1.0,0.0,2.0,0.0,2.0,1.0,0.0,0.0,0.0,1.0,1.0,0.0,1.0,40.0,4.736862953800049,0.0,0.0,0.0,0.0,5.969305287951849,4.794537184071822,0.0,0.0,0.0,0.0,13.344558822616634,6.4208216229260096,6.103966387748303,91.18970062386666,231.6872950883127,300.90219466912055,1.0064863374177302,1.7650073960496633,1.0,9.53140013787187,5.969305287951849,0.0,0.0,0.0,25.869346833290944,0.0,0.0,0.0,0.0,30.428571428571427,0.0,0.0,0.0,0.0,12.073271675700152,9.53140013787187,0.0,19.765380445542643,0.0,0.0,0.0,0.0,0.3490644563857563,26.3,4.722222222222222,0.0,10.23125,0.0,0.0,-0.04861111111111094,0.0,1.6875,1.9076388888888889,0.0,0.0,0.0,0.0,0.0,0.0,0.0,0.0,0.0,0.0,0.0,1.0,1.0,0.0,0.0,0.0,0.0,0.0,0.0,0.0,0.0,0.0,0.0,0.0,0.0,0.0,0.0,0.0,0.0,0.0,0.0,0.0,0.0,0.0,0.0,0.0,0.0,0.0,0.0,0.0,0.0,1.0,1.0,0.0,0.0,0.0,0.0,0.0,0.0,0.0,0.0,0.0,0.0,0.0,0.0,1.0,0.0,0.0,0.0,0.0,0.0,0.0,0.0,0.0,0.0,0.0,0.0,0.0,0.0,0.0,0.0,0.0,0.0,0.0,0.0,0.0,0.0,0.0,0.0,0.0,0.0,0.0,0.0,0.0,0.0,0.0,0.4189428687308838,4.772805539,-345.747372539609,-345.61442003,-345.65222154,0.64248,0.0,61.57561,-0.516,0.0,0.12549403,6.2035,-4.243399999999999,5.121764582,4.243399999999999,-65.446996278571,1.4513132554203267,-10.4469,12.407,59.30785,1.9601,2.5534000000000003,-8.7422,0.371,8.7422,-22.940250642089,14.965548061408317,0.131142,0.0926874,-11.2956,5.106800000000001,0.0,64.516885,-6.1888,-0.0,1920.391929,-22.847563276811,0.123478502516
15,0.40732051139013314,1.8668193111659015,1.852215924160925,-1.7594908664718858,2.016982738095679,-1.5344142336457816,5.022881260914837,0.5044422055929474,16.340678260079365,10.460267153111195,3.042002767407289,136.46855847366513,5.276020881938894,4.562948828843115,4.562948828843115,3.287693700234704,2.3189318929868223,2.3189318929868223,1.656696225998304,1.656696225998304,0.8747247055843108,0.8747247055843108,0.5566833238403335,0.5566833238403335,0.0,0.0,0.0,0.0,0.0,11.520494837748885,0.0,0.0,25.980208536304467,0.0,4.417150937053347,0.963381168943551,96.057514876,1.1428571428571428,1.5714285714285714,1.7142857142857142,0.3333333333333333,-0.72,7.0,88.06499999999998,0.009049482310906567,46.670482779147534,4.439235668789809,1.4107848491213335,0.8285542253028078,42.95561661236701,5.083333333333333,0.46669141350136323,5.083333333333333,0.10057870797310317,0.9837962962962964,0.10057870797310317,0.9837962962962964,-0.46669141350136323,1.89644,28.181999999999988,96.129,0.0,1.0,0.268135643518271,0.7523630492410187,0.0,0.0,0.0,0.0,0.0,1.0,1.0,0.0,0.0,1.0,0.0,1.0,1.0,0.0,0.0,0.0,0.0,0.0,0.0,0.0,38.0,4.417150937053347,11.520494837748885,0.0,0.0,0.0,0.0,0.0,0.0,0.0,0.0,0.0,25.980208536304467,0.0,0.0,83.13879439647722,233.27952987381727,310.06244938417547,0.8946866318868105,1.8051432159980734,1.0,4.417150937053347,0.0,0.0,0.0,0.0,13.847474399381248,0.0,23.653228974672103,0.0,0.0,9.428571428571429,0.0,0.0,0.0,0.0,0.0,0.0,13.847474399381248,11.520494837748885,16.54988507397657,0.0,0.0,0.0,0.10591199239495308,13.14,5.083333333333333,0.0,0.0,0.0,0.0,1.967592592592593,3.9074074074074074,0.0,3.875,0.0,0.0,0.0,0.0,0.0,0.0,0.0,0.0,0.0,0.0,0.0,0.0,0.0,0.0,0.0,0.0,0.0,0.0,0.0,0.0,0.0,0.0,0.0,0.0,0.0,0.0,0.0,0.0,0.0,0.0,0.0,2.0,0.0,0.0,0.0,0.0,0.0,0.0,0.0,0.0,0.0,0.0,0.0,1.0,0.0,0.0,0.0,0.0,0.0,0.0,0.0,0.0,0.0,0.0,0.0,0.0,0.0,0.0,0.0,0.0,0.0,0.0,0.0,0.0,0.0,0.0,0.0,0.0,0.0,0.0,0.0,0.0,0.0,0.0,0.0,0.0,0.0,0.0,0.0,0.0,0.0,0.0,0.0,0.0,0.0,0.0,0.4804036489034677,0.058014852,-308.592017864772,-308.45959826,-308.49822305,0.508839,0.0,70.01429,-0.1374,0.0,0.12448846,5.3364,-2.9546,0.234445494,2.9546,-55.044023215248,0.8179354208829923,-8.291,10.6728,67.594,2.3818,2.3089000000000004,-7.6321,-1.162,7.6321,-20.98760780206,12.61400459309628,0.131064,0.0916675,-9.941,4.617800000000001,0.0,72.95418,-5.3232,-0.0,2203.80345,-20.895940317824,0.122740210031
171,0.7179973983021141,1.6646727945202302,1.9011220709078742,-2.0015828937213636,2.06252870122442,-1.847506884750428,4.438796681172605,0.5343123279298295,13.964879854785659,10.062182261607683,2.7158427612932585,37.30296890880646,6.405777393935816,6.405777393935816,6.405777393935816,3.770055610029662,3.770055610029662,3.770055610029662,2.889628765898712,2.889628765898712,1.3850278050148308,1.3850278050148308,0.8025858577612692,0.8025858577612692,0.0,0.0,0.0,0.0,0.0,5.917906046161393,25.683286491704038,0.0,0.0,20.771211599071872,0.0,0.9944622651295275,114.14085057599999,1.125,1.75,2.125,1.0,0.0,8.0,96.08799999999998,0.010618094147340131,48.27551104108667,8.0,5.142857142857143,6.0,53.29384582860579,2.287361111111111,0.06538238184567347,2.287361111111111,-0.0471325775290515,0.9042129629629628,0.0471325775290515,0.9042129629629628,-0.06538238184567347,3.2227000000000023,38.98,114.23199999999999,0.0,0.0,0.1050942588034635,0.9394544129832486,0.0,0.0,0.0,0.0,0.0,0.0,0.0,0.0,0.0,0.0,0.0,0.0,0.0,0.0,4.0,0.0,0.0,0.0,0.0,0.0,50.0,0.0,0.0,0.0,0.0,0.0,0.0,0.0,0.0,0.0,0.0,46.4544980907759,5.917906046161393,0.0,0.0,88.47674544481085,790.9077993495852,841.879912872034,5.142857142857143,2.744826591354806,0.0,0.0,0.0,0.0,0.0,5.917906046161393,46.4544980907759,0.0,0.0,0.0,0.0,10.5,0.0,0.0,0.0,0.0,0.0,0.0,5.917906046161393,46.4544980907759,0.0,0.0,0.0,0.0,0.17499904510854142,0.0,0.0,0.0,0.0,0.0,0.0,0.9042129629629628,0.0,5.604074074074074,6.825046296296296,0.0,0.0,0.0,0.0,0.0,0.0,0.0,0.0,0.0,0.0,0.0,0.0,0.0,0.0,0.0,0.0,0.0,0.0,0.0,0.0,0.0,0.0,0.0,0.0,0.0,0.0,0.0,0.0,0.0,0.0,0.0,0.0,0.0,0.0,0.0,0.0,0.0,0.0,0.0,0.0,0.0,0.0,0.0,0.0,0.0,0.0,0.0,0.0,0.0,0.0,0.0,0.0,0.0,0.0,0.0,0.0,0.0,0.0,0.0,0.0,0.0,0.0,0.0,0.0,0.0,0.0,0.0,0.0,0.0,0.0,0.0,0.0,0.0,0.0,0.0,0.0,0.0,0.0,0.0,0.0,0.0,0.0,0.0,0.0,2.0,0.0,0.4921472673477994,0.103367679,-315.595027067127,-315.3388161,-315.3859655,0.815253,0.0,92.53084,0.0,0.0,0.24434995,6.744350000000001,-4.19215,0.127702562,4.19215,-56.47737149539,1.3028773434430299,-10.9365,13.488700000000001,95.05232,2.5522,6.31485,-4.9331499999999995,-0.013,4.9331499999999995,-26.323896944825,1.9268841637172691,0.255367,0.206853,-11.248,12.6297,0.0,98.428186,1.3817,-0.0,4378.798187,-26.117044213852,0.243293727768
172,0.3898127652713426,1.9034911933164034,2.0904879451763336,-2.184200905999415,2.2483225994814253,-2.030636310540046,4.625132959945627,0.34942926381655615,14.151033707914848,9.876364520884549,2.1250162554146717,51.058650025961626,5.819990956308912,5.819990956308912,5.819990956308912,3.931851652578137,3.931851652578137,3.931851652578137,2.9122841352177478,2.9122841352177478,2.3020951405812147,2.3020951405812147,1.5953879568423444,1.5953879568423444,0.0,0.0,0.0,0.0,0.0,5.917906046161393,38.524929737556064,0.0,0.0,6.923737199690624,0.0,0.9613507414996175,112.12520051199999,1.125,1.75,2.125,1.0,0.0,8.0,96.08799999999998,0.006085757733816504,91.36757727918736,6.125,3.111111111111111,1.5,52.288014675076575,2.315462962962963,0.06511818141712189,2.315462962962963,-0.04169086105467225,1.0868055555555554,0.04169086105467225,1.0868055555555554,-0.06511818141712189,2.976700000000002,36.86599999999999,112.21600000000001,0.0,0.0,0.27532662751382314,0.8066046086087569,1.0,0.0,1.0,0.0,0.0,0.0,0.0,0.0,0.0,0.0,0.0,0.0,0.0,0.0,1.0,1.0,0.0,1.0,0.0,0.0,48.0,0.0,0.0,0.0,0.0,0.0,0.0,0.0,0.0,0.0,0.0,45.448666937246685,5.917906046161393,0.0,0.0,132.5397171377242,388.29207197412086,481.3908423407753,2.3819444444444446,2.1131956737029176,1.0,0.0,0.0,0.0,0.0,5.917906046161393,45.448666937246685,0.0,0.0,0.0,0.0,23.625,0.0,0.0,0.0,0.0,0.0,0.0,5.917906046161393,45.448666937246685,0.0,0.0,0.0,0.0,0.291132564574137,0.0,0.0,0.0,0.0,0.0,0.0,1.0868055555555554,0.0,8.931064814814814,2.315462962962963,0.0,0.0,0.0,0.0,0.0,0.0,0.0,0.0,0.0,0.0,0.0,0.0,0.0,0.0,0.0,0.0,0.0,0.0,0.0,0.0,0.0,0.0,0.0,0.0,0.0,0.0,0.0,0.0,0.0,0.0,0.0,0.0,0.0,0.0,0.0,0.0,0.0,0.0,0.0,0.0,0.0,0.0,0.0,0.0,0.0,0.0,0.0,0.0,0.0,0.0,0.0,0.0,0.0,0.0,0.0,0.0,0.0,0.0,0.0,0.0,0.0,0.0,0.0,0.0,0.0,0.0,0.0,0.0,0.0,0.0,0.0,0.0,0.0,0.0,0.0,0.0,0.0,0.0,0.0,0.0,0.0,0.0,0.0,0.0,0.0,0.0,0.4889029976557186,0.048710784,-314.401056542954,-314.1661255,-314.20785647,0.649139,0.0,87.16743,0.0,0.0,0.22555311,6.54665,-4.0653500000000005,0.053801424,4.0653500000000005,-55.269093940101,1.2622540247683935,-10.612,13.0933,89.36204,2.4813,6.3671,-4.617,0.155,4.617,-25.316768729102,1.6739715883212138,0.233757,0.191486,-10.9841,12.7342,0.0,93.337911,1.7501,-0.0,3958.872994,-25.125282847976,0.224294987339
173,0.5486085615633697,1.9100860088599136,2.1045825150243798,-2.1970217528346465,2.262244051173974,-2.043491577975029,4.638994315579796,0.3363977223262373,14.164796347910775,9.863208868695697,2.0778607554610558,57.683674395583786,6.52709773749546,6.52709773749546,6.52709773749546,4.431851652578137,4.431851652578136,4.431851652578136,3.2927109793486977,3.2927109793486977,2.4216682964502647,2.4216682964502647,1.884063091437157,1.884063091437157,0.0,0.0,0.0,0.0,0.0,5.917906046161393,44.94575136048208,0.0,0.0,6.923737199690624,0.0,0.9831038519036596,126.14085057599999,1.1111111111111112,1.7777777777777777,2.3333333333333335,1.0,0.0,9.0,108.09899999999998,0.006431865726569878,145.16653667335345,7.111111111111111,3.92,2.3801652892561984,58.6529567894732,2.300204081632653,0.06537225173373659,2.300204081632653,-0.041438638110976984,1.1006944444444442,0.041438638110976984,1.1006944444444442,-0.06537225173373659,3.3668000000000022,41.483000000000004,126.24300000000001,0.0,0.0,0.18304867213991874,0.875416801250013,1.0,0.0,1.0,0.0,0.0,0.0,0.0,0.0,0.0,0.0,0.0,0.0,0.0,0.0,2.0,1.0,0.0,1.0,0.0,0.0,54.0,0.0,0.0,0.0,0.0,0.0,0.0,0.0,0.0,0.0,0.0,51.8694885601727,5.917906046161393,0.0,0.0,136.10619973512317,650.917882164921,743.5519643162793,3.0972839506172836,2.462117670611553,1.0,0.0,0.0,0.0,0.0,5.917906046161393,51.8694885601727,0.0,0.0,0.0,0.0,22.333333333333332,0.0,0.0,0.0,0.0,0.0,0.0,5.917906046161393,51.8694885601727,0.0,0.0,0.0,0.0,0.22607009007699602,0.0,0.0,0.0,0.0,0.0,0.0,1.1006944444444442,0.0,10.432434807256236,2.300204081632653,0.0,0.0,0.0,0.0,0.0,0.0,0.0,0.0,0.0,0.0,0.0,0.0,0.0,0.0,0.0,0.0,0.0,0.0,0.0,0.0,0.0,0.0,0.0,0.0,0.0,0.0,0.0,0.0,0.0,0.0,0.0,0.0,0.0,0.0,0.0,0.0,0.0,0.0,0.0,0.0,0.0,0.0,0.0,0.0,0.0,0.0,0.0,0.0,0.0,0.0,0.0,0.0,0.0,0.0,0.0,0.0,0.0,0.0,0.0,0.0,0.0,0.0,0.0,0.0,0.0,0.0,0.0,0.0,0.0,0.0,0.0,0.0,0.0,0.0,0.0,0.0,0.0,0.0,0.0,0.0,0.0,0.0,0.0,0.0,0.0,0.0,0.5318701002709462,0.090822549,-353.701386530025,-353.43679714,-353.481722,0.472462,0.0,98.91903,0.0,0.0,0.25383836,6.49395,-4.0482499999999995,0.119069525,4.0482499999999995,-62.177925069218,1.2618150788426146,-10.5422,12.9879,101.21497,2.4457,6.22375,-4.72755,0.273,4.72755,-28.481259212563,1.795519502108857,0.26327,0.217501,-10.9513,12.4475,0.0,104.995364,1.4962,-0.0,5009.650159,-28.26375787961,0.252431188072
